Coho,,,,Coho Total,,Fall Chinook,,,Fall Chinook Total,Spring Chinook,,,Spring Chinook Total,Summer Chinook,,,Summer Chinook Total,,Fall Chum,,,Fall Chum Total,Summer Chum,,,Summer Chum Total,Winter Chum,,Winter Chum Total
WADOE_ID,Presence.Coho,Rearing.Coho,Spawning.Coho,Total.Coho,,Presence.FallChin,Rearing.FallChin,Spawning.FallChin,Total.FallChin,Presence.SprChin,Rearing.SprChin,Spawning.SprChin,Total.SprChin,Presence.SumChin,Rearing.SumChin,Spawning.SumChin,Total.SumChin,,Presence.FallChum,Rearing.FallChum,Spawning.FallChum,Total.FallChum,Presence.SumChum,Rearing.SumChum,Spawning.SumChum,Total.SumChum,Presence.WinChum,Spawning.WinChum,Total.WinChum
6,1869,,,1869,,,,,,,,,,,,,,,,,,,,,,,,,
13,,,125,125,,125,,,125,,,121,121,,,,,,125,,,125,,,,,,,
15,13035,9991,3748,26775,,9075,,13390,22465,1692,,13187,14879,,,,,,22792,,,22792,,,,,,,
19,2170,,,2170,,,,2177,2177,,,1864,1864,,,,,,1568,,,1568,,,,,,,
25,5453,5691,2771,13916,,10367,,,10367,864,,6094,6958,,,,,,10069,,,10069,,,,,,,
26,8441,8467,,16908,,5849,,8216,14065,,,8467,8467,,,,,,13547,,,13547,,,,,,,
27,2504,2494,821,5818,,7485,,,7485,3492,,3797,7289,,,,,,854,,,854,,,,,,,
29,,,,,,41,,,41,41,,,41,,,,,,38,,,38,,,,,,,
31,1187,,,1187,,1184,,,1184,290,,,290,,,,,,,,,,,,,,,,
34,4246,4612,86,8944,,5827,,830,6658,1279,,5152,6430,,,,,,4037,,,4037,,,,,,,
35,19,7201,,7219,,2914,,4356,7270,,87,7113,7201,,,,,,7113,,,7113,,,,,,,
37,1419,,,1419,,1301,,,1301,,1419,,1419,,,,,,,,,,,,,,,,
38,2030,2872,1703,6606,,5117,,,5117,,4415,1026,5441,,,,,,,,,,,,,,,,
39,725,2461,1395,4582,,1341,,2831,4172,1161,,2529,3691,,,,,,3379,,,3379,,,,,,,
40,3109,1914,,5023,,2629,,1914,4543,36,375,3364,3774,,,,,,4049,,,4049,,,,,,,
43,1438,,,1438,,5544,,,5544,,,5887,5887,,,,,,421,,,421,,,,,,,
44,5370,4621,1194,11185,,4287,,4621,8908,1135,,6720,7855,,,,,,9181,,,9181,,,,,,,
45,775,9,,785,,2530,,9,2540,590,,939,1529,,,,,,448,,,448,,,,,,,
46,2102,4355,,6456,,1087,,4355,5441,501,,4569,5070,,,,,,5512,,,5512,,,,,,,
47,,521,1693,2214,,,,1421,1421,,,1419,1419,,,,,,2214,,,2214,,,,,,,
49,9656,,,9656,,1023,,,1023,824,,,824,,,,,,1263,,,1263,,,,,,,
50,1754,3413,,5167,,1453,,3413,4865,572,,3990,4562,,,,,,5306,,,5306,,,,,,,
51,550,5746,3510,9806,,1548,,6113,7661,761,,6113,6873,,,,,,7665,,,7665,,,,,,,
52,2709,105,,2815,,1287,,,1287,1153,,105,1258,,,,,,980,,,980,,,,,,,
58,4548,5385,3035,12968,,2368,,44,2412,,,44,44,,,,,,5937,,,5937,,,,,,,
61,305,,,305,,302,,,302,306,,,306,,,,,,,,,,,,,,,,
62,6617,,,6617,,6551,,,6551,570,,5550,6119,,,,,,,,,,,,,,,,
63,7435,7483,,14918,,10461,,3339,13801,70,,13522,13591,,,,,,1116,,,1116,,,,,,,
64,2711,5318,,8028,,1887,,5318,7205,1055,,5318,6373,,,,,,6747,,,6747,,,,,,,
65,3756,6981,,10737,,518,,6298,6816,245,,6298,6543,,,,,,6808,,,6808,,,,,,,
67,5290,,,5290,,3512,,,3512,3509,,,3509,,,,,,,,,,,,,,,,
68,4917,7393,5106,17416,,285,,8516,8801,63,,8375,8437,,,,,,10761,,,10761,,,,,,,
70,4875,,434,5309,,202,,63,265,51,,,51,,,,,,863,,,863,,,,,,,
71,6357,5611,,11968,,87,,5611,5698,,,5611,5611,,,,,,5898,,,5898,,,,,,,
72,5148,3746,,8894,,2241,,3972,6213,,,3476,3476,,,,,,5381,,,5381,,,,,,,
73,2942,3360,1448,7750,,1388,,3279,4667,,,3279,3279,,,,,,5186,,,5186,,,,,,,
74,3253,10207,,13460,,681,,11806,12487,,11585,222,11806,,,,,,12487,,,12487,,,,,,,
75,6234,2399,1869,10502,,7030,,31,7061,,31,,31,,,,,,5434,,,5434,,,,,,,
76,3658,,5651,9310,,,,,,,,,,,,,,,5224,,,5224,,,,,,,
77,3847,3577,10067,17490,,,,,,,,,,,,,,,2650,,,2650,,,,,,,
78,1410,4442,2369,8221,,6032,,,6032,,,,,,,,,,6023,,,6023,,,,,,,
80,807,,,807,,,,,,,,,,,,,,,,,,,,,,,,,
81,10648,,,10648,,,,,,,,,,,,,,,,,,,,,,,,,
82,7133,,,7133,,4436,,,4436,,,,,,,,,,,,,,,,,,,,
83,624,,,624,,12,,,12,,,,,,,,,,,,,,,,,,,,
86,13,13342,,13355,,12809,,,12809,,,,,,,,,,13342,,,13342,,,,,,,
87,3931,,,3931,,,,,,,,,,,,,,,,,,,,,,,,,
88,6423,,,6423,,,,,,,,,,,,,,,,,,,,,,,,,
89,3457,,,3457,,,,,,,,,,,,,,,,,,,,,,,,,
91,5,11199,,11204,,21,,,21,,,,,,,,,,21,,,21,,,,,,,
92,4871,8,,4879,,,,8,8,8,,,8,,,,,,8,,,8,,,,,,,
93,3484,,,3484,,,,,,,,,,,,,,,,,,,,,,,,,
94,1653,,4551,6204,,,,4213,4213,,,,,,,,,,4551,,,4551,,,,,,,
95,6900,7440,145,14485,,6253,374,7857,14485,927,6541,,7468,,,,,,14485,,,14485,,,,,,,
96,1773,13805,,15578,,1469,42,13763,15273,13763,,,13763,,,,,,15273,,,15273,,,,,,,
97,3375,3274,,6648,,,3274,,3274,,,,,,,,,,3274,,,3274,,,,,,,
98,1650,1739,1172,4561,,1410,597,2141,4148,,,,,,,,,,4167,,,4167,,,,,,,
99,8121,,,8121,,,,,,,,,,,,,,,,,,,,,,,,,
100,2078,6616,,8694,,,,6942,6942,,,,,,,,,,6643,,,6643,,,,,,,
101,2054,2873,,4927,,,,2873,2873,,,,,,,,,,2873,,,2873,,,,,,,
102,791,12971,,13762,,,4527,8659,13185,,,,,,,,,,13185,,,13185,,,,,,,
103,1,7324,,7324,,,3,7321,7324,7321,,,7321,,,,,,7324,,,7324,,,,,,,
104,4789,,,4789,,,,,,,,,,,,,,,,,,,,,,,,,
105,131,6041,,6171,,,110,2735,2846,,,,,,,,,,6171,,,6171,,,,,,,
106,3037,8385,,11422,,2325,6816,1564,10705,,,,,,,,,,10704,,,10704,,,,,,,
107,3414,,,3414,,,,,,,,,,,,,,,,,,,,,,,,,
108,492,2375,,2867,,,2375,,2375,,,,,,,,,,2375,,,2375,,,,,,,
109,7479,22,,7501,,,,22,22,22,,,22,,,,,,22,,,22,,,,,,,
110,3627,5934,,9561,,,990,4944,5934,4944,,,4944,,,,,,5934,,,5934,,,,,,,
111,1749,,,1749,,,,,,,,,,,,,,,,,,,,,,,,,
112,4246,3785,,8032,,60,,3785,3845,3785,,,3785,,,,,,3785,,,3785,,,,,,,
113,6747,1819,,8566,,1451,,1813,3264,1813,,,1813,,,,,,1819,,,1819,,,,,,,
114,1325,,,1325,,,,,,,,,,,,,,,,,,,,,,,,,
115,4414,1084,,5497,,,,,,,,,,,,,,,3440,,,3440,,,,,,,
116,,3762,,3762,,31,,,31,,,,,,,,,,3762,,,3762,,,,,,,
117,1233,2984,1162,5378,,4146,,,4146,,,,,,,,,,4581,,,4581,,,,,,,
118,6145,,735,6880,,323,,4743,5066,,,,,,,,,,324,,4742,5066,,,,,,,
119,2236,7368,4076,13680,,5992,,4048,10040,,,,,,,,,,8415,,1618,10033,,,,,,,
120,3885,3957,1520,9361,,3962,,,3962,,,,,,,,,,3341,,672,4013,,,,,,,
121,3949,2544,3,6496,,2535,,,2535,,,,,,,,,,2530,,,2530,,,,,,,
122,1500,404,,1904,,,,,,,,,,,,,,,,,,,,,,,,,
123,1259,4229,198,5686,,,,,,,,,,,,,,,,,,,,,,,,,
124,171,,,171,,,,,,,,,,,,,,,,,,,,,,,,,
125,5062,2070,476,7608,,,,,,,,,,,,,,,,,,,,,,,,,
126,4012,3635,,7647,,,,,,,,,,,,,,,,,,,,,,,,,
127,2466,436,,2902,,,,,,,,,,,,,,,2812,,,2812,,,,,,,
129,2706,,,2706,,,,,,,,,,,,,,,,,,,,,,,,,
130,6650,,,6650,,,,,,,,,,,,,,,,,,,,,,,,,
131,2194,,,2194,,,,,,,,,,,,,,,,,,,,,,,,,
132,3092,,,3092,,,,,,,,,,,,,,,,,,,,,,,,,
133,6227,,,6227,,,,,,,,,,,,,,,2146,,,2146,,,,,,,
134,5867,,,5867,,,,,,,,,,,,,,,,,,,,,,,,,
135,3420,,,3420,,,,,,,,,,,,,,,,,,,,,,,,,
136,4153,225,,4379,,,,,,,,,,,,,,,,,,,,,,,,,
137,5394,4746,,10140,,5560,,,5560,,,,,,,,,,5394,,,5394,,,,,,,
138,6846,,,6846,,,,,,,,,,,,,,,,,,,,,,,,,
139,,10897,,10897,,10628,,,10628,,,,,,,,,,10400,,,10400,,,,,,,
140,4347,17,2059,6424,,17,,,17,,,,,,,,,,4740,,,4740,,,,,,,
142,4976,,,4976,,,,,,,,,,,,,,,,,,,,,,,,,
143,11391,,,11391,,10502,,,10502,,,,,,,,,,10497,,,10497,,,,,,,
144,,8640,,8640,,,5347,3293,8640,8640,,,8640,,,,,,8640,,,8640,,,,,,,
145,,2506,,2506,,162,,,162,,,,,,,,,,2506,,,2506,,,,,,,
146,5223,,,5223,,,,,,,,,,,,,,,28,,,28,,,,,,,
147,3055,3014,,6069,,,,,,,,,,,,,,,4393,,,4393,,,,,,,
148,3650,,,3650,,,,,,,,,,,,,,,,,,,,,,,,,
149,3581,,,3581,,915,,,915,,,,,,,,,,,,,,,,,,,,
150,1464,,,1464,,280,,,280,,,,,,,,,,,,,,,,,,,,
151,688,,,688,,,,,,,,,,,,,,,1759,,,1759,,,,,,,
152,13128,,,13128,,11935,,,11935,,,,,,,,,,4511,,,4511,,,,,,,
153,1833,9,,1842,,1023,,1034,2056,,,,,,,,,,2555,,,2555,,,,,,,
154,316,2675,,2991,,1381,1183,432,2995,,,,,,,,,,1498,,1490,2988,,,,,,,
155,2331,,29,2360,,,,,,,,,,,,,,,1147,,,1147,,,,,,,
156,,1892,565,2457,,,,,,,,,,,,,,,2457,,,2457,,,,,,,
157,2148,1078,260,3485,,,,,,,,,,,,,,,5915,,1974,7889,,,,,,,
158,945,,,945,,,,,,,,,,,,,,,865,,,865,,,,,,,
159,9364,6220,,15584,,1762,,,1762,,,,,,,,,,,,1762,1762,,,,,,,
160,2396,973,,3368,,973,,,973,,,,,,,,,,1200,,1518,2718,,,,,,,
161,1981,,,1981,,,,,,,,,,,,,,,,,,,,,,,,,
162,3887,3380,2581,9848,,,,,,,,,,,,,,,,,,,,,,,,,
163,2185,9900,,12085,,915,,,915,,,,,,,,,,9113,,,9113,,,,,,,
165,1165,1622,10,2798,,,,,,,,,,,,,,,,,,,,,,,,,
166,3500,3,,3503,,,,,,,,,,,,,,,,,,,,,,,,,
167,8099,2042,,10141,,4444,6481,,10924,6460,,,6460,,,,,,10141,,,10141,,,,,,,
168,1798,,1243,3041,,,,,,,,,,,,,,,,,,,,,,,,,
170,420,,,420,,,,,,,,,,,,,,,,,,,,,,,,,
176,1,,,1,,,,,,,,,,,,,,,1,,,1,,,,,,,
186,42,,,42,,,,,,,,,,,,,,,,,,,,,,,,,
196,9724,,,9724,,6216,,,6216,,,,,,,,,,2838,,,2838,,,,,,,
197,1961,,,1961,,289,,,289,,,,,,,,,,289,,,289,,,,,,,
198,2540,,,2540,,,,,,,,,,,,,,,,,,,,,,,,,
199,,,,,,,,,,,,,,,,,,,2580,,,2580,,,,,,,
208,62,,,62,,,62,,62,,,,,,,,,,62,,,62,,,,,,,
209,1439,,,1439,,,,,,,,,,,,,,,,,,,,,,,,,
212,15,,,15,,15,,,15,,,,,,,,,,15,,,15,,,,,,,
216,7,,,7,,,,,,,,,,,,,,,,,7,7,,,,,,,
223,9,,,9,,,,,,,,,,,,,,,9,,,9,,,,,,,
264,246,,,246,,,,,,,,,,,,,,,,,,,,,,,,,
266,3971,4490,1313,9774,,7851,,,7851,,3698,,3698,,,,,,,,,,,,,,,,
267,1856,5100,1510,8466,,8196,,,8196,1961,4993,,6954,,,,,,,,,,,,,,,,
269,1716,,,1716,,,,,,,,,,,,,,,,,,,,,,,,,
270,3682,,1891,5573,,,,,,,,,,,,,,,,,,,,,,,,,
271,1657,9305,,10962,,9374,,,9374,9844,,732,10575,,,,,,,,,,,,,,,,
272,670,6208,670,7548,,3586,,,3586,2627,,959,3586,,,,,,,,,,,,,,,,
273,1549,58,13894,15500,,12099,,,12099,,299,11893,12192,,,,,,,,,,,,,,,,
274,6328,,1572,7901,,,,,,,,,,,,,,,,,,,,,,,,,
275,,30,2323,2353,,,,,,,,,,,,,,,,,,,,,,,,,
276,1865,1103,896,3864,,,,,,,,,,,,,,,,,,,,,,,,,
277,1611,,,1611,,1615,,,1615,1611,,,1611,,,,,,,,,,,,,,,,
278,33,,,33,,33,,,33,33,,,33,,,,,,,,,,,,,,,,
282,,,117,117,,,,,,,,,,,,,,,,,,,,,,,,,
283,107,173,5592,5872,,2726,,,2726,,469,2257,2726,,,,,,,,,,,,,,,,
287,347,3538,1523,5407,,2486,,,2486,,,2394,2394,,,,,,,,,,,,,,,,
289,,,27,27,,,,,,,,,,,,,,,,,,,,,,,,,
290,,,4163,4163,,,,,,,,,,,,,,,,,,,,,,,,,
291,4359,207,,4566,,,,,,,,,,,,,,,,,,,,,,,,,
292,,,210,210,,,,,,,,,,,,,,,,,,,,,,,,,
295,,,382,382,,,,,,,,1091,1091,,,,,,,,,,,,,,,,
296,25988,,10604,36592,,36592,,,36592,,,,,,,,,,,,,,,,,,,,
299,3169,,4471,7639,,,,,,,,,,,,,,,,,,,,,,,,,
302,12659,,,12659,,4947,,1227,6174,,,,,,,,,,,,,,,,,,,,
303,2258,,3065,5323,,4403,,725,5128,,,,,,,,,,,,,,,,,,,,
306,6089,,,6089,,6168,,3145,9313,,,,,,,,,,,,,,,,,,,,
308,7767,,,7767,,7321,,,7321,,,,,,,,,,,,,,,,,,,,
309,2845,,,2845,,797,,1631,2428,,,,,,,,,,,,,,,,,,,,
310,3048,,,3048,,18,,,18,,,,,,,,,,,,,,,,,,,,
312,,3544,,3544,,398,,,398,3544,,,3544,,,,,,,,,,,,,,,,
313,722,7720,,8442,,468,,2896,3364,,,,,,,,,,3622,,,3622,,,,,,,
314,,69,23,92,,,,,,,92,,92,,,,,,,,,,,,,,,,
318,160,,3854,4014,,,,,,,,,,,,,,,,,,,,,,,,,
319,15215,,5874,21089,,19579,,818,20397,,,,,,,,,,,,,,,,,,,,
325,661,19,,680,,121,,,121,,,540,540,,,,,,,,,,,,,,,,
326,302,5753,76,6131,,,,,,,,5829,5829,,,,,,,,,,,,,,,,
327,4850,6585,,11435,,1648,,,1648,,88,6497,6585,,,,,,,,,,,,,,,,
328,2889,14213,,17102,,16524,,,16524,,13022,2074,15096,,,,,,,,,,,,,,,,
329,3139,9359,1210,13709,,12044,,,12044,,9726,,9726,,,,,,,,,,,,,,,,
330,1848,9596,,11444,,9921,,,9921,9327,269,,9596,,,,,,,,,,,,,,,,
332,4360,,7503,11863,,11656,,,11656,,,,,,,,,,7,,,7,,,,,,,
333,631,7,8909,9547,,4928,,,4928,,,,,,,,,,,,,,,,,,,,
336,,,,,,8602,,,8602,,,,,,,,,,,,,,,,,,,,
337,,,13,13,,8945,,,8945,,,,,,,,,,,,,,,,,,,,
338,1798,,1643,3442,,2864,,,2864,2186,,679,2864,,,,,,,,,,,,,,,,
339,1979,288,5586,7853,,6323,,,6323,,310,5564,5874,,,,,,,,,,,,,,,,
341,91,,240,331,,,,,,,,,,,,,,,,,,,,,,,,,
342,,,5863,5863,,,,2656,2656,,,,,,,,,,,,,,,,,,,,
347,2193,3508,4893,10594,,4074,394,3286,7755,,,,,,,,,,3744,,1397,5142,,,,,,,
349,1991,,2255,4247,,124,,2131,2255,,,2142,2142,,,,,,,,,,,,,,,,
350,27,,,27,,27,,,27,,,,,,,,,,27,,,27,,,,,,,
351,,,,,,,,,,,,,,,,,,,2157,,,2157,,,,,,,
352,,,10842,10842,,,,3346,3346,,,,,,,,,,,,4373,4373,,,,,,,
354,,,876,876,,,,,,,,,,,,,,,,,,,,,,,,,
355,494,,6638,7132,,7132,,,7132,,6638,,6638,,,,,,494,,6638,7132,,,,,,,
356,117,,5121,5238,,2013,,,2013,,,,,,,,,,1004,,2721,3725,,,,,,,
357,1932,348,3,2284,,3,,,3,,3,,3,,,,,,,,3,3,,,,,,,
358,1084,1500,5720,8305,,8305,,,8305,,7221,,7221,,,,,,3093,,5294,8387,,,,,,,
359,1266,,1804,3071,,21,,,21,,,,,,,,,,2228,,14,2242,,,,,,,
360,92,,,92,,,,,,,,,,,,,,,,,,,,,,,,,
361,522,,,522,,,,,,,,,,,,,,,,,,,,,,,,,
362,2401,,,2401,,2401,,,2401,,,,,,,,,,2401,,,2401,,,,,,,
363,1526,4792,,6318,,4964,,,4964,,3,,3,,,,,,6291,,,6291,,,,,,,
364,1134,,,1134,,1134,,,1134,,,,,,,,,,1134,,,1134,,,,,,,
365,,42,4057,4099,,2449,,,2449,,,,,,,,,,4252,285,,4537,,,,,,,
367,405,,520,925,,520,,,520,,,,,,,,,,517,,570,1087,,,,,,,
369,218,3688,,3906,,218,,,218,,,,,,,,,,3906,,,3906,,,,,,,
370,3256,,118,3374,,118,,,118,,,,,,,,,,42,,3803,3844,,,,,,,
371,,3348,,3348,,3348,,,3348,,3346,,3346,,,,,,3348,,,3348,,,,,,,
372,,2134,,2134,,,1679,455,2134,,,,,,,,,,56,920,1157,2134,,,,,,,
373,,,703,703,,,,,,,,,,,,,,,,,741,741,,,,,,,
374,1523,12700,24,14247,,1521,12700,,14221,,12694,,12694,,,,,,14221,,,14221,,,,,,,
375,985,1972,2198,5154,,1553,,4162,5715,,,,,,,,,,1650,321,4834,6804,,,,,,,
376,,4316,,4316,,27,4289,,4316,,48,,48,,,,,,4316,,,4316,,,,,,,
378,3317,,,3317,,3317,,,3317,,,,,,,,,,3317,,,3317,,,,,,,
379,234,5546,,5779,,289,,,289,5422,50,,5472,,,,,,82,,,82,,,,,,,
380,,,8137,8137,,,,7139,7139,,,,,,,,,,,,6071,6071,,,,,,,
381,994,9905,11,10910,,,9905,,9905,,,,,,,,,,9916,,,9916,,,,,,,
382,1060,5193,2541,8794,,,6214,709,6922,,,,,,,,,,2322,,709,3031,,,,,,,
383,133,304,5225,5663,,,,,,,,,,,,,,,1830,,,1830,,,,,,,
384,237,3179,19,3434,,237,3179,,3416,,,,,,,,,,3434,,,3434,,,,,,,
385,5739,,6926,12665,,7427,,2843,10271,,,,,,,,,,10703,,,10703,,,,,,,
386,1006,,10844,11850,,,,10844,10844,,,,,,,,,,27,,10817,10844,,,,,,,
387,1795,,4060,5854,,,,4060,4060,,,,,,,,,,2728,,3126,5854,,,,,,,
388,1356,425,4720,6501,,1356,,5145,6501,,,,,,,,,,1358,181,4963,6501,,,,,,,
389,6802,4142,1315,12260,,6802,3595,1148,11545,,,,,,,,,,10671,,1061,11732,,,,,,,
390,3725,395,2637,6757,,5900,,857,6757,,,,,,,,,,487,,2295,2782,,,,,,,
391,2849,,,2849,,,,,,,,,,,,,,,,,,,,,,,,,
392,3235,4080,,7315,,,4080,,4080,,,,,,,,,,4455,,,4455,,,,,,,
394,4505,13,,4518,,13,,,13,,13,,13,,,,,,259,738,236,1232,,,,,,,
395,793,2547,,3340,,3340,,,3340,,2547,,2547,,,,,,3340,,,3340,,,,,,,
396,,,,,,,,,,,,,,,,,,,314,,,314,,,,,,,
397,8281,,5885,14166,,4995,,,4995,586,4409,,4995,,,,,,4423,,1141,5564,,,,,,,
398,3708,,8288,11996,,14024,,,14024,734,6488,,7222,,,,,,11333,,,11333,,,,,,,
399,5003,5123,6921,17047,,8502,,5079,13582,,7405,4640,12044,,,,,,6958,,,6958,,,,,,,
400,502,3987,1128,5618,,,,,,,,,,,,,,,5618,,,5618,,,,,,,
401,348,,,348,,,,,,,,,,,,,,,,,,,,,,,,,
408,299,,,299,,,,,,,,,,,,,,,,,,,,,,,,,
409,3,,,3,,,,,,,,,,,,,,,,,,,,,,,,,
410,1715,,,1715,,9,,,9,,,,,,,,,,1715,,,1715,,,,,,,
411,1709,2065,,3774,,,,,,,,,,,,,,,3069,,,3069,,,,,,,
414,115,,,115,,115,,,115,,,,,,,,,,115,,,115,,,,,,,
415,310,,1337,1647,,1000,,,1000,,,,,,,,,,,,,,,,,,,,
418,943,,10421,11363,,128,,10416,10544,,,,,,,,,,,,,,,,,,,3266,3266
420,,,8681,8681,,1116,,7565,8681,,,,,,,,,,,,,,,,,,,7565,7565
421,636,,,636,,,,,,,,,,,,,,,,,,,,,,,,,
423,1116,,5619,6736,,,478,6250,6728,,,,,,,,,,,,,,,,,,,,
425,1557,,1155,2712,,927,,1162,2089,,,,,,,,,,,,,,,,,,,,
454,300,4129,2447,6875,,6697,330,645,7673,,,,,,,,,,,,,,,,,,290,198,488
459,2928,,2422,5350,,878,,,878,,,,,,,,,,,,,,,,,,,,
460,,455,4251,4706,,206,,4251,4457,,,,,,,,,,,,,,,,,,,4251,4251
461,,,1438,1438,,,,,,,,,,,,,,,,,,,,,,,,,
462,,,18534,18534,,,,18534,18534,,,,,,,,,,,,,,,,,,,17794,17794
463,743,1099,,1842,,,,,,,,,,,,,,,,,,,,,,,,,
466,1645,,,1645,,20,,1626,1645,,,,,,,,,,,,,,,,,,,1626,1626
467,1500,,,1500,,568,,932,1500,,,,,,,,,,,,,,,,,,,1500,1500
471,355,,,355,,,,,,,,,,,,,,,,,,,,,,,,1011,1011
472,2554,,3775,6329,,2554,,3775,6329,,,,,,,,,,,,,,,,,,421,4682,5103
473,807,,4466,5274,,429,,4466,4895,,,,,,,,,,,,,,,,,,72,4691,4763
474,7381,,6972,14353,,,,,,,,,,,,,,,,,,,,,,,849,2397,3247
475,329,,934,1264,,,,,,,,,,,,,,,,,,,,,,,1859,934,2793
476,3290,,,3290,,,,1944,1944,,,,,,,,,,,,,,,,,,1347,1944,3291
477,766,,4482,5248,,957,,4291,5248,,,,,,,,,,,,,,,,,,738,4510,5248
478,369,,6629,6998,,,,,,,,,,,,,,,,,,,,,,,,6629,6629
479,236,,3956,4191,,236,,3956,4191,,,,,,,,,,,,,,,,,,13,3956,3969
480,,,2150,2150,,,,,,,,,,,,,,,,,,,,,,,,2159,2159
482,2301,,10101,12402,,367,,7,374,,,,,,,,,,,,,,,,,,,10793,10793
483,170,,7324,7494,,,,,,,,,,,,,,,,,,,,,,,,5036,5036
485,,,2244,2244,,7,,2237,2244,,,,,,,,,,,,,,,,,,,2244,2244
486,6170,,,6170,,,,,,,,,,,,,,,,,,,,,,,,5050,5050
487,1218,,11350,12568,,1050,,10990,12039,,,,,,,,,,,,,,,,,,,11878,11878
489,1081,,10,1091,,8,,10,18,,,,,,,,,,,,,,,,,,1073,10,1083
491,21122,,487,21609,,23254,1262,,24516,,,,,,,,,,,,,,,,,,165,1823,1988
492,50,,2515,2565,,,,2515,2515,,,,,,,,,,,,,,,,,,,2565,2565
493,2402,,4704,7106,,,,4691,4691,,,,,,,,,,,,,,,,,,,4704,4704
494,713,,2208,2921,,,,167,167,,,,,,,,,,,,,,,,,,,167,167
495,630,,,630,,630,,,630,,,,,,,,,,,,,,,,,,,,
497,7520,357,11153,19031,,8891,509,8082,17482,,,,,,,,,,,,,,,,,,,10806,10806
501,2713,,6900,9613,,,,2551,2551,,,,,,,,,,,,,,,,,,,2551,2551
502,,,6317,6317,,,,,,,,,,,,,,,,,,,,,,,,,
503,52,,10428,10481,,,,,,,,,,,,,,,,,,,,,,,,436,436
504,109,,2246,2355,,220,,525,745,,,,,,,,,,,,,,,,,,,2246,2246
505,4586,,,4586,,,,,,,,,,,,,,,,,,,,,,,,,
506,13638,,,13638,,,,,,,,,,,,,,,,,,,,,,,,,
508,422,,,422,,,,,,,,,,,,,,,,,,,,,,,,473,473
525,5892,,,5892,,5892,,,5892,,,,,,,,,,,,,,,,,,,,
526,689,,,689,,,,,,,,,,,,,,,,,,,,,,,,,
527,303,,2939,3241,,,,,,,,,,,,,,,,,,,,,,,,3766,3766
528,869,,,869,,3393,,,3393,,,,,,,,,,,,,,,,,,,869,869
529,431,,,431,,,,,,,,,,,,,,,,,,,,,,,,,
531,,,1982,1982,,,,,,,,,,,,,,,1982,,,1982,1982,,,1982,1982,,1982
538,,,4174,4174,,50,,,50,,,,,,,,,,4174,,,4174,4174,,,4174,4174,,4174
539,4240,,3677,7916,,,,,,,,,,,,,,,6055,,,6055,2814,,,2814,2814,,2814
540,,,1329,1329,,,,,,,,,,,,,,,1744,,,1744,1744,,,1744,1744,,1744
541,,,1950,1950,,,,,,,,,,,,,,,,,,,,,,,,,
543,4703,,,4703,,,,,,,,,,,,,,,,,,,,,,,,,
544,4725,,,4725,,,,,,,,,,,,,,,,,,,,,,,,,
545,18,,,18,,,,,,,,,,,,,,,,,,,,,,,,,
548,1926,,5045,6971,,,,,,,,,,,,,,,,,,,,,,,,,
549,1255,,,1255,,,,,,,,,,,,,,,,,,,,,,,,,
553,3013,,,3013,,,,,,,,,,,,,,,,,,,,,,,,,
555,2653,,,2653,,,,,,,,,,,,,,,,,,,189,,,189,,,
559,1295,,,1295,,,,,,,,,,,,,,,,,,,,,,,,,
560,1968,,,1968,,,,,,,,,,,,,,,,,,,,,,,,,
566,478,,,478,,,,,,,,,,,,,,,,,,,,,,,,,
567,4432,,,4432,,,,,,,,,,,,,,,,,,,,,,,,,
568,1225,,,1225,,,,,,,,,,,,,,,,,,,,,,,,,
572,7,,,7,,,,,,,,,,,,,,,,,,,7,,,7,,,
575,,,11,11,,11,,,11,,,,,,,,,,11,,,11,11,,,11,11,,11
584,82,,,82,,,,,,,,,,,,,,,,,,,,,,,,,
586,3441,,2430,5871,,,,,,,,,,,,,,,,,,,,,,,,,
587,514,,12322,12836,,2922,,4741,7663,,,,,,,,,,,,,,,,,,,,
588,4607,,13392,17999,,11409,,,11409,,,,,,,,,,,,,,,,,,,,
589,,447,1970,2417,,1582,,,1582,,,,,,,,,,,,,,,,,,,,
595,10686,,,10686,,2660,,,2660,,,,,,,,,,,,2759,2759,,,,,,,
596,838,,5075,5913,,,,,,,,,,,,,,,28,,5106,5134,,,,,,,
597,2331,,,2331,,,,,,,,,,,,,,,2331,,,2331,,,,,,,
598,4679,,,4679,,,,,,,,,,,,,,,265,,2395,2660,,,,,,,
599,1834,,3859,5694,,3864,,,3864,,,,,,,,,,698,,3769,4466,,,,,,,
600,,,1793,1793,,166,,1233,1399,,,,,,,,,,298,,1495,1793,,,,,,,
601,1968,,2016,3984,,,,,,,,,,,,,,,3246,,,3246,,,,,,,
602,14,,,14,,,,,,,,,,,,,,,,,,,,,,,,,
603,518,2916,,3434,,466,,2951,3418,,,,,,,,,,3418,,,3418,,,,,,,
604,2643,,,2643,,1956,,688,2643,,,,,,,,,,2520,,,2520,,,,,,,
605,520,,1849,2369,,2369,,,2369,,,,,,,,,,308,,2061,2369,,,,,,,
606,3094,,,3094,,101,1836,1157,3094,,,,,,,,,,731,,2363,3094,,,,,,,
607,4850,,27,4876,,3333,,,3333,,,,,,,,,,2796,,4042,6838,,,,,,,
608,2095,,,2095,,,,2092,2092,,,,,,,,,,2094,,,2094,,,,,,,
609,3564,,,3564,,2527,1131,23,3680,,,,,,,,,,764,,35,799,,,,,,,
611,3753,,,3753,,,,,,,,,,,,,,,,,,,,,,,,,
612,2566,1274,5553,9394,,460,,5606,6066,,,,,,,,,,1372,,,1372,,,,,,,
613,833,,,833,,,,,,,,,,,,,,,,,,,,,,,,,
614,229,,5785,6014,,1464,,5785,7250,,,,,,,,,,,,,,,,,,,,
615,3979,187,5467,9633,,1693,,,1693,,,,,,,,,,5,,,5,,,,,,,
617,296,15,7890,8201,,311,,7890,8201,,,,,,,,,,15,,,15,,,,,,,
618,205,,418,623,,4799,,82,4880,,,,,,,,,,,,,,,,,,,,
619,16,,,16,,,,,,,,,,,,,,,,,,,,,,,,,
620,,,4384,4384,,,,4384,4384,,,,,,,,,,,,,,,,,,,,
621,170,,4721,4891,,,,3517,3517,,,,,,,,,,,,,,,,,,,,
622,1362,,370,1732,,,,,,,,,,,,,,,,,,,,,,,,,
623,191,,1488,1679,,,,,,,,,,,,,,,,,,,,,,,,,
624,13,,,13,,,,,,,,,,,,,,,,,,,,,,,,,
625,9,,3649,3657,,,,2705,2705,,,,,,,,,,,,,,,,,,,,
626,110,,,110,,,,,,,,,,,,,,,,,,,,,,,,,
627,316,,6977,7293,,298,,6977,7275,,,,,,,,,,,,,,,,,,,,
628,,,,,,2122,,,2122,,,,,,,,,,,,,,,,,,,,
629,6,,4351,4357,,,,4351,4351,,,,,,,,,,,,,,,,,,,,
630,,,8967,8967,,,,8526,8526,,,,,,,,,,,,,,,,,,,,
631,5006,,,5006,,,,,,,,,,,,,,,,,,,,,,,,,
633,3564,,,3564,,3564,,,3564,,,,,,,,,,3564,,,3564,,,,,,,
634,758,,,758,,914,,,914,,,,,,,,,,,,,,,,,,,,
635,,,1226,1226,,9,,1226,1235,,,,,,,,,,,,,,,,,,,,
636,1357,,,1357,,,,,,,,,,,,,,,469,,,469,,,,,,,
640,303,,,303,,,,,,,,,,,,,,,100,,,100,,,,,,,
643,691,,,691,,,,,,,,,,,,,,,,,,,,,,,,,
644,1,,,1,,,,,,,,,,,,,,,,,,,,,,,,,
645,23,,,23,,23,,,23,,,,,,,,,,23,,,23,,,,,,,
646,137,,,137,,,,,,,,,,,,,,,672,,,672,,,,,,,
647,504,,,504,,,,,,,,,,,,,,,325,,,325,,,,,,,
648,146,,,146,,,,,,,,,,,,,,,146,,,146,,,,,,,
652,1621,,,1621,,,,,,,,,,,,,,,,,,,,,,,,,
653,2,,,2,,,,,,,,,,,,,,,2,,,2,,,,,,,
655,,,18,18,,18,,,18,,,,,,,,,,18,,,18,,,,,,,
660,,,,,,,,,,,,,,,,,,,749,,,749,,,,,,,
666,94,,,94,,94,,,94,,,,,,,,,,,,,,,,,,,94,94
667,438,,,438,,,,,,,,,,,,,,,438,,,438,,,,,,,
668,16,,,16,,,,,,,,,,,,,,,16,,,16,,,,,,,
670,858,,,858,,,,,,,,,,,,,,,,,858,858,,,,,,,
673,7374,,188,7562,,,,,,,,,,,,,,,7562,,,7562,7562,,,7562,,,
676,1648,,,1648,,,,,,,,,,,,,,,1545,,,1545,,,,,,,
677,905,,,905,,,,,,,,,,,,,,,905,,,905,,,,,,,
678,3699,,877,4576,,,,,,,,,,,,,,,4246,,367,4613,,,,,,,
679,2772,,3832,6604,,1072,,,1072,,,,,,,,,,1112,,4401,5513,,,,,,,
680,5355,,,5355,,,,,,,,,,,,,,,5355,,,5355,,,,,,,
682,2293,,,2293,,,,,,,,,,,,,,,1762,,531,2293,,,,,,,
683,651,,,651,,,,,,,,,,,,,,,651,,,651,,,,,,,
684,4205,,,4205,,,,,,,,,,,,,,,3620,,,3620,,,,,,,
685,3682,,,3682,,,,,,,,,,,,,,,3682,,,3682,,,,,,,
686,8307,,246,8553,,,,,,,,,,,,,,,8553,,,8553,,,,,,,
687,1713,,5878,7591,,,,,,,,,,,,,,,2006,,5585,7591,,,,,,,
688,2365,,,2365,,,,,,,,,,,,,,,,,,,,,,,,,
689,6606,,,6606,,,,,,,,,,,,,,,12,,,12,,,,,,,
690,3640,,,3640,,,,,,,,,,,,,,,1117,,,1117,,,,,,,
691,7450,,,7450,,,,,,,,,,,,,,,5552,,,5552,,,,,,,
692,3422,,,3422,,,,,,,,,,,,,,,,,3423,3423,,,,,,,
693,3047,,4322,7369,,,,,,,,,,,,,,,3047,,4322,7369,,,,,,,
694,710,,6543,7253,,,,,,,,,,,,,,,710,,6543,7253,,,,,,,
695,533,,6018,6551,,6512,,,6512,,,,,,,,,,489,,6062,6551,,,,,,,
696,6475,,2009,8484,,2657,,,2657,,,,,,,,,,6396,,2440,8836,,,,,,,
698,5823,,2,5825,,,,,,,,,,,,,,,,,,,,,,,,,
702,1428,,1931,3359,,,,,,,,,,,,,,,,,,,,,,,,,
703,1113,,,1113,,,,,,,,,,,,,,,,,,,,,,,,,
704,2252,,1030,3282,,,,,,,,,,,,,,,,,,,,,,,,,
705,710,,4016,4726,,,,,,,,,,,,,,,,,,,,,,,,,
706,25,,2920,2945,,,,,,,,,,,,,,,,,,,,,,,,,
707,42,,3753,3795,,2817,,,2817,,,,,,,,,,1745,,971,2716,,,,,,,
708,1966,,,1966,,,,,,,,,,,,,,,,,,,,,,,,,
709,4781,,1370,6151,,,,,,,,,,,,,,,,,1144,1144,,,1144,1144,,,
710,648,,4364,5012,,1240,,,1240,,,,,,,,,,579,,4673,5252,,,4673,4673,,,
711,251,,,251,,,,,,,,,,,,,,,,,,,,,,,,,
712,3132,,274,3406,,,,,,,,,,,,,,,1274,,,1274,1293,,,1293,,,
713,1787,,640,2427,,,,,,,,,,,,,,,1172,,,1172,1172,,,1172,,,
714,13,,6452,6465,,1624,,,1624,,,,,,,,,,143,,6322,6465,54,,6411,6465,,,
715,760,,3485,4245,,,,,,,,,,,,,,,,,,,,,,,,,
716,1238,,4186,5424,,,,,,,,,,,,,,,,,,,,,,,,,
717,2037,,4986,7023,,2183,,,2183,,,,,,,,,,275,,2131,2405,52,,2131,2183,,,
718,725,,,725,,,,,,,,,,,,,,,725,,,725,,,,,,,
719,2898,,,2898,,,,,,,,,,,,,,,1383,,,1383,,,,,,,
721,2290,,856,3146,,,,,,,,,,,,,,,,,,,,,,,,,
722,3408,,508,3916,,,,,,,,,,,,,,,410,,,410,410,,,410,,,
723,,,4727,4727,,,,,,,,,,,,,,,4727,,,4727,4727,,,4727,,,
724,4853,,9016,13869,,1317,,,1317,,,,,,,,,,2439,,7116,9555,588,,6290,6878,,,
725,1514,,1734,3249,,,,,,,,,,,,,,,929,,2319,3249,,,,,,,
726,186,,793,979,,,,,,,,,,,,,,,876,,,876,,,,,,,
727,1180,,,1180,,,,,,,,,,,,,,,1007,,,1007,,,,,,,
729,2029,,2781,4810,,,,,,,,,,,,,,,2781,,,2781,2781,,,2781,,,
731,3866,,,3866,,,,,,,,,,,,,,,3838,,,3838,,,,,,,
732,,,,,,,,,,,,,,,,,,,574,,,574,,,,,,,
733,4418,,,4418,,,,,,,,,,,,,,,2698,,2710,5408,,,,,,,
734,30,35,144,209,,,,,,,,,,,,,,,,,,,,,,,,,
735,564,921,,1485,,,,,,,,,,,,,,,,,1460,1460,,,,,,,
740,,,1018,1018,,,,,,,,,,,,,,,,,1018,1018,,,,,,,
741,,,248,248,,,,,,,,,,,,,,,,,405,405,,,,,,,
742,827,,,827,,,,,,,,,,,,,,,,,,,,,,,,,
743,,,474,474,,,,,,,,,,,,,,,,,474,474,,,,,,,
744,3,,,3,,,,,,,,,,,,,,,,3,,3,,,,,,,
745,194,1107,2055,3357,,,,,,,,,,,,,,,,358,1877,2235,,,,,,,
746,,,816,816,,,,,,,,,,,,,,,,,138,138,,,,,,,
751,1823,,,1823,,,,,,,,,,,,,,,905,,,905,,,,,,,
757,3110,,,3110,,,,,,,,,,,,,,,3135,,,3135,,,,,,,
759,802,,,802,,,,,,,,,,,,,,,802,,,802,,,,,,,
760,2998,,,2998,,,,,,,,,,,,,,,2998,,,2998,,,,,,,
761,1105,,909,2014,,,,,,,,,,,,,,,1364,,651,2014,,,,,,,
763,1610,,,1610,,,,,,,,,,,,,,,1605,,4,1610,,,,,,,
765,1926,,,1926,,,,,,,,,,,,,,,1088,,837,1926,,,,,,,
771,1184,,,1184,,,,,,,,,,,,,,,1184,,,1184,,,,,,,
774,974,,,974,,,,,,,,,,,,,,,965,,,965,,,,,,,
777,18,,,18,,,,,,,,,,,,,,,18,,,18,,,,,,,
784,1,,,1,,1,,,1,,,,,,,,,,1,,,1,,,,,,,
789,597,,,597,,,,,,,,,,,,,,,,,597,597,,,,,,,
790,169,,,169,,,,,,,,,,,,,,,,,848,848,,,,,,,
791,17,,,17,,,,,,,,,,,,,,,17,,,17,,,,,,,
792,,,,,,,,,,,,,,,,,,,238,,,238,,,,,,,
793,,,,,,,,,,,,,,,,,,,146,,,146,,,,,,,
797,935,,,935,,,,,,,,,,,,,,,,,935,935,,,,,,,
834,1454,,,1454,,,,,,,,,,,,,,,,,,,,,,,,,
835,605,,,605,,,,,,,,,,,,,,,2,,,2,,,,,,,
838,,2261,5510,7771,,,,,,,,,,,,,,,,,,,,,,,,,
839,,2952,717,3669,,,,,,,,,,,,,,,1227,,2442,3669,,,,,,,
840,,3782,1337,5119,,,,,,,,,,,,,,,382,,,382,32,,,32,,,
841,576,4390,1174,6141,,,,,,,,,,,,,,,,,,,,,,,,,
842,,,2702,2702,,,,921,921,,,,,,,,,,,,2627,2627,,,,,,,
843,,,6468,6468,,,,,,,,,,,,,,,1232,,,1232,,,,,,,
844,,,73,73,,71,,1,72,,,,,,,,,,,,1,1,,,,,,,
845,,3658,443,4101,,,,,,,,,,,,,,,,,,,,,,,,,
846,,7631,,7631,,,,,,,,,,,,,,,,,,,,,,,,,
849,627,,,627,,,,,,,,,,,,,,,,,,,,,,,,,
850,2941,,,2941,,,,,,,,,,,,,,,1414,,,1414,,,,,,,
851,140,2375,,2515,,,,,,,,,,,,,,,752,,,752,,,,,,,
852,339,376,4657,5372,,,,,,,,,,,,,,,3286,,,3286,,,,,,,
853,10669,,,10669,,,,,,,,,,,,,,,,,,,,,,,,,
854,3850,,,3850,,,,,,,,,,,,,,,97,,,97,,,,,,,
855,1849,,1434,3283,,919,,,919,,,,,,,,,,42,,1289,1331,,,,,,,
856,42,,,42,,,,,,,,,,,,,,,,,,,,,,,,,
857,2664,,1136,3800,,1040,,,1040,,,,,,,,,,1853,,,1853,,,,,,,
858,1778,,904,2681,,1017,,,1017,,,,,,,,,,2681,,,2681,,,,,,,
860,2670,,,2670,,,,,,,,,,,,,,,3592,,,3592,,,,,,,
861,,2761,,2761,,,,,,,,,,,,,,,,,,,,,,,,,
862,1704,,,1704,,,,,,,,,,,,,,,597,,,597,,,,,,,
863,3113,,2485,5598,,,,,,,,,,,,,,,2567,,,2567,,,,,,,
864,401,,,401,,,,,,,,,,,,,,,,,,,,,,,,,
865,744,,2775,3520,,,,,,,,,,,,,,,,,953,953,,,,,,,
866,3476,,,3476,,,,,,,,,,,,,,,530,,,530,,,,,,,
867,235,,2303,2538,,965,,,965,,,,,,,,,,1921,,,1921,,,,,,,
868,311,,2446,2757,,2746,,,2746,,,,,,,,,,30,,987,1017,,,,,,,
869,19,,745,764,,,,,,,,,,,,,,,987,,,987,918,,,918,,,
870,941,,2438,3379,,853,,,853,,,,,,,,,,2172,,,2172,,,,,,,
871,1112,,3457,4569,,,,,,,,,,,,,,,341,,1516,1857,,,,,,,
872,,5295,,5295,,1821,,,1821,,,,,,,,,,1021,,3753,4774,3039,,1734,4774,,,
873,1300,,,1300,,,,,,,,,,,,,,,,,,,,,,,,,
874,2540,,555,3095,,186,,,186,,,,,,,,,,604,,,604,,,,,,,
875,2330,,2109,4439,,,,,,,,,,,,,,,203,,1411,1614,,,,,,,
876,,2695,5511,8206,,,,,,,,,,,,,,,599,667,1768,3034,,,,,,,
877,426,322,10,757,,412,,,412,,,,,,,,,,669,,91,760,,,,,,,
878,32,2332,3585,5949,,,,,,,,,,,,,,,,474,652,1126,,,,,,,
879,,1503,6275,7779,,,,,,,,,,,,,,,,,1836,1836,,,,,,,
880,,8488,1659,10148,,,,,,,,,,,,,,,,,4186,4186,5436,,,5436,,,
881,2629,,,2629,,,,,,,,,,,,,,,,,,,,,,,,,
882,,1914,3012,4926,,,,,,,,,,,,,,,499,,,499,,,,,,,
883,206,,1746,1952,,654,,,654,,,,,,,,,,,,1746,1746,,,,,,,
884,690,1254,3515,5459,,,,,,,,,,,,,,,125,,3657,3782,,,,,,,
886,,,1743,1743,,,,,,,,,,,,,,,521,,1743,2264,,,,,,,
887,,2686,1217,3903,,,,,,,,,,,,,,,1052,,165,1217,,,,,,,
888,,1483,767,2249,,,,,,,,,,,,,,,2625,,3,2628,,,,,,,
889,,530,2185,2714,,,,951,951,,,,,,,,,,1165,,2415,3579,2423,,,2423,,,
890,,3526,1670,5196,,,,,,,,,,,,,,,,,,,221,,,221,,,
891,,1355,788,2144,,,,,,,,,,,,,,,918,,,918,,,,,,,
892,,1076,6432,7508,,,,,,,,,,,,,,,,,,,,,,,,,
893,18,1716,4450,6184,,,,1950,1950,,,,,,,,,,,,2502,2502,552,,1932,2484,,,
894,188,,969,1157,,,,,,,,,,,,,,,127,,,127,,,,,,,
895,50,405,6483,6939,,407,,2393,2800,,,,,,,,,,106,,6832,6939,,,6939,6939,,,
896,1077,,2483,3560,,,,,,,,,,,,,,,814,,1729,2542,,,,,,,
897,,3660,2166,5826,,,,143,143,,,,,,,,,,,,0,0,,,,,,,
898,1837,,324,2161,,,,,,,,,,,,,,,,,295,295,,,,,,,
899,558,,667,1226,,,,377,377,,,,,,,,,,377,,,377,,,,,,,
900,2701,,651,3352,,,,,,,,,,,,,,,1368,,,1368,,,,,,,
901,2042,,1517,3559,,,53,1464,1517,,,,,,,,,,793,,1419,2212,,,,,,,
902,129,6353,3610,10092,,,,3610,3610,,,,,,,,,,1063,,3610,4673,,,,,,,
903,514,1886,2885,5285,,,,,,,,,,,,,,,,,,,,,,,,,
904,976,223,6135,7335,,,,,,,,,,,,,,,2680,,,2680,,,,,,,
905,2660,3261,1012,6932,,448,,3141,3589,,,,,,,,,,2839,,2826,5665,2830,,2835,5665,,,
906,1943,3507,3360,8810,,,,,,,,,,,,,,,5040,,,5040,5040,,,5040,,,
907,23,2170,2203,4396,,,,2203,2203,,,,,,,,,,,,2203,2203,,,2203,2203,,,
908,23,,1852,1875,,,,,,,,,,,,,,,59,,1793,1852,1852,,,1852,,,
909,,2316,13,2329,,,,,,,,,,,,,,,854,,13,867,854,,13,867,,,
910,,2482,,2482,,,,,,,,,,,,,,,,,2482,2482,,,2482,2482,,,
911,,3840,5936,9776,,,,2250,2250,,,,,,,,,,646,,2258,2904,314,,2250,2563,,,
912,239,4471,7278,11988,,,,4493,4493,,,,,,,,,,2685,,5895,8580,3698,,,3698,,,
913,,4451,6506,10957,,,,,,,,,,,,,,,5290,,,5290,,,,,,,
914,,2424,,2424,,,,,,,,,,,,,,,3694,,,3694,3694,,,3694,,,
915,649,,,649,,,,,,,,,,,,,,,382,,,382,,,,,,,
916,,960,2778,3738,,,,,,,,,,,,,,,2037,,,2037,,,,,,,
917,2076,3383,,5460,,,,,,,,,,,,,,,,,82,82,,,82,82,,,
918,28,853,4655,5536,,,362,2947,3310,,,,,,,,,,924,,3310,4234,3310,,,3310,,,
919,519,1758,3511,5788,,,,8,8,,,,,,,,,,1344,,2166,3511,8,,,8,,,
920,1661,,,1661,,,,,,,,,,,,,,,,,,,,,,,,,
921,,356,6545,6901,,,,,,,,,,,,,,,3915,,,3915,,,,,,,
922,,2141,3706,5847,,,,,,,,,,,,,,,1165,1298,,2462,,,,,,,
923,,2981,,2981,,,,,,,,,,,,,,,,,996,996,,,996,996,,,
924,1679,,5442,7121,,,,,,,,,,,,,,,,,,,,,,,,,
925,,,4308,4308,,72,1197,1641,2910,,,,,,,,,,0,4307,,4308,,,,,,,
926,,2557,3101,5658,,548,381,2172,3101,,,,,,,,,,272,,3101,3373,709,,3101,3810,,,
927,,4245,5900,10145,,,,1931,1931,,,,,,,,,,3355,,4322,7676,2899,,1931,4830,,,
928,623,,699,1323,,,,,,,,,,,,,,,,,,,,,,,,,
929,31,2075,2935,5041,,1050,312,,1362,,,,,,,,,,3393,,2274,5667,1362,,,1362,,,
930,59,10696,449,11204,,,,12,12,,,,,,,,,,1588,,,1588,3218,,,3218,,,
931,1855,,,1855,,,,,,,,,,,,,,,,,,,,,,,,,
932,337,4876,10327,15541,,16,,109,124,,,,,,,,,,6578,,,6578,1982,,,1982,,,
933,5770,,,5770,,,,,,,,,,,,,,,,,,,,,,,,,
934,10686,,237,10923,,365,,,365,,,,,,,,,,3567,,67,3634,,,237,237,,,
935,1175,,3064,4240,,1414,,,1414,,,,,,,,,,767,,1221,1988,,,,,,,
936,1127,,3973,5100,,3973,,,3973,,,,,,,,,,,,3973,3973,,,926,926,,,
937,584,8950,13801,23335,,1782,773,11246,13802,,,,,,,,,,12467,,3992,16459,13473,,,13473,,,
938,1762,,797,2558,,483,,,483,,,,,,,,,,875,,,875,,,,,,,
939,,,1530,1530,,,,,,,,,,,,,,,819,,1517,2336,,,,,,,
940,,,4591,4591,,988,,,988,,,,,,,,,,988,,,988,,,,,,,
941,52,1619,2902,4573,,,,,,,,,,,,,,,438,,1829,2267,,,,,,,
942,2381,,4166,6547,,,,,,,,,,,,,,,,,,,,,,,,,
943,75,6717,3054,9846,,,,,,,,,,,,,,,3273,,3327,6600,,,,,,,
944,1663,,6132,7795,,44,,2745,2789,,,,,,,,,,84,,4157,4241,,,,,,,
946,1662,,5386,7048,,2055,,,2055,,,,,,,,,,,,4325,4325,,,2149,2149,,,
947,395,,1099,1494,,1738,,,1738,,,,,,,,,,1517,,1446,2962,,,1485,1485,,,
949,816,,2822,3638,,,298,2717,3015,,,,,,,,,,712,,2717,3429,126,,902,1028,,,
950,2022,,,2022,,1252,,,1252,,,,,,,,,,1252,,,1252,,,,,,,
951,1110,,3734,4844,,,,1144,1144,,,,,,,,,,1735,,,1735,,,,,,,
952,3668,,1309,4977,,,,,,,,,,,,,,,313,,1259,1572,,,,,,,
954,285,,4708,4993,,3220,,,3220,,,,,,,,,,1313,,1907,3220,,,,,,,
955,,,2162,2162,,2143,,,2143,,,,,,,,,,910,,1246,2156,,,,,,,
956,1928,,,1928,,,,,,,,,,,,,,,1119,,,1119,,,,,,,
957,110,,,110,,,,,,,,,,,,,,,3,,,3,,,,,,,
958,1414,,,1414,,1414,,,1414,,,,,,,,,,1414,,,1414,,,,,,,
959,327,,942,1269,,,,,,,,,,,,,,,373,,997,1370,,,,,,,
961,607,,1059,1666,,,,,,,,,,,,,,,1493,,,1493,,,,,,,
962,2530,,,2530,,,,,,,,,,,,,,,,,,,,,,,,,
963,475,,267,742,,,,,,,,,,,,,,,314,,,314,,,,,,,
964,216,,1178,1395,,,,,,,,,,,,,,,889,,,889,,,,,,,
967,1152,,,1152,,,,,,,,,,,,,,,,,,,,,,,,,
968,1884,,,1884,,,,,,,,,,,,,,,,,,,,,,,,,
969,1157,,,1157,,,,,,,,,,,,,,,285,,,285,,,,,,,
970,,,,,,,,,,,,,,,,,,,393,,,393,,,,,,,
971,2239,,,2239,,,,,,,,,,,,,,,,,,,,,,,,,
975,507,,,507,,,,,,,,,,,,,,,,,,,,,,,,,
976,115,,,115,,,,,,,,,,,,,,,115,,,115,,,,,,,
978,,,,,,2,,,2,,,,,,,,,,,,,,,,,,,,
979,202,,,202,,,,,,,,,,,,,,,,,,,,,,,,,
981,876,,,876,,,,,,,,,,,,,,,172,,,172,,,,,,,
982,607,,,607,,,,,,,,,,,,,,,,,,,,,,,,,
983,200,,,200,,,,,,,,,,,,,,,,,,,,,,,,,
985,488,,,488,,,,,,,,,,,,,,,,,,,,,,,,,
990,68,,,68,,,,,,,,,,,,,,,,,,,,,,,,,
994,290,,110,400,,,,,,,,,,,,,,,254,,,254,,,,,,,
995,,,,,,,,,,,,,,,,,,,176,,,176,,,,,,,
997,7,,,7,,7,,,7,,,,,,,,,,7,,,7,,,,,,,
1001,1773,,887,2660,,,,,,,,,,,,,,,1001,,,1001,,,,,,,
1002,727,,,727,,,,,,,,,,,,,,,271,,,271,,,,,,,
1005,2,,,2,,,,,,,,,,,,,,,,,,,,,,,,,
1008,12,,,12,,,,,,,,,,,,,,,428,,,428,,,,,,,
1009,203,,,203,,,,,,,,,,,,,,,657,,,657,,,,,,,
1011,9,,,9,,,,,,,,,,,,,,,9,,,9,,,,,,,
1012,568,,,568,,,,,,,,,,,,,,,568,,,568,,,,,,,
1016,,,,,,,,,,,,,,,,,,,345,,,345,,,,,,,
1017,1987,,,1987,,,,,,,,,,,,,,,1430,,,1430,,,,,,,
1020,1427,,,1427,,,,,,,,,,,,,,,1258,,,1258,,,,,,,
1021,729,,,729,,,,,,,,,,,,,,,118,,,118,,,,,,,
1022,1213,,,1213,,,,,,,,,,,,,,,251,,,251,,,,,,,
1024,142,,,142,,,,,,,,,,,,,,,,,,,,,,,,,
1026,166,,,166,,,,,,,,,,,,,,,,,,,,,,,,,
1033,,,,,,,,,,,,,,,,,,,176,,,176,,,,,,,
1035,1010,1219,,2229,,,,,,,,,,,,,,,293,,,293,,,,,,,
1038,205,,,205,,,,,,,,,,,,,,,,,,,,,,,,,
1042,,918,,918,,,,,,,,,,,,,,,,,,,,,,,,,
1045,,758,,758,,,,,,,,,,,,,,,,,,,,,,,,,
1046,,,1758,1758,,,,,,,,,,,,,,,921,,,921,,,,,,,
1048,,328,,328,,,,,,,,,,,,,,,,,,,,,,,,,
1049,,293,,293,,,,,,,,,,,,,,,293,,,293,,,,,,,
1050,2744,,,2744,,,,,,,,,,,,,,,1348,,,1348,,,,,,,
1051,854,,,854,,,,,,,,,,,,,,,,,,,,,,,,,
1052,1285,,,1285,,,,,,,,,,,,,,,,,,,,,,,,,
1060,210,,,210,,,,,,,,,,,,,,,,,,,,,,,,,
1062,458,,,458,,,,,,,,,,,,,,,255,,,255,,,,,,,
1064,176,,,176,,,,,,,,,,,,,,,176,,,176,,,,,,,
1067,570,,,570,,,,,,,,,,,,,,,,,,,,,,,,,
1071,1600,,,1600,,,,,,,,,,,,,,,713,,,713,,,,,,,
1073,1074,,,1074,,,,,,,,,,,,,,,,,,,,,,,,,
1077,2,,,2,,,,,,,,,,,,,,,2,,,2,,,,,,,
1078,368,,,368,,,,,,,,,,,,,,,368,,,368,,,,,,,
1079,826,,,826,,,,,,,,,,,,,,,,,,,,,,,,,
1082,2,,6,9,,2,,,2,,,,,,,,,,4,,6,10,,,,,,,
1090,608,,,608,,,,,,,,,,,,,,,608,,,608,,,,,,,
1091,157,,420,577,,,,,,,,,,,,,,,577,,,577,,,,,,,
1094,51,,,51,,,,,,,,,,,,,,,,,,,,,,,,,
1109,44,,,44,,44,,,44,,,,,,,,,,44,,,44,,,,,,,
1122,,,7,7,,7,,,7,,,,,,,,,,7,,,7,,,,,,,
1124,37,,,37,,,,,,,,,,,,,,,37,,,37,,,,,,,
1126,1335,,,1335,,,,,,,,,,,,,,,725,,,725,,,,,,,
1127,443,,,443,,,,,,,,,,,,,,,,,,,,,,,,,
1130,516,,,516,,,,,,,,,,,,,,,366,,,366,,,,,,,
1133,231,,,231,,,,,,,,,,,,,,,,,,,,,,,,,
1135,77,,,77,,,,,,,,,,,,,,,77,,,77,,,,,,,
1136,170,,,170,,,,,,,,,,,,,,,170,,,170,,,,,,,
1137,2144,,,2144,,,,,,,,,,,,,,,387,,,387,,,,,,,
1139,662,,,662,,,,,,,,,,,,,,,,,,,,,,,,,
1141,1230,,,1230,,,,,,,,,,,,,,,1230,,,1230,,,,,,,
1144,536,,,536,,,,,,,,,,,,,,,512,,,512,,,,,,,
1145,393,,,393,,,,,,,,,,,,,,,,,,,,,,,,,
1146,,53,197,250,,,,,,,,,,,,,,,,,,,,,,,,,
1147,40,962,249,1251,,,,,,,,,,,,,,,494,,318,812,,,,,,,
1148,,1700,,1700,,,,,,,,,,,,,,,,,532,532,,,,,,,
1149,67,387,725,1179,,,,,,,,,,,,,,,43,,1365,1408,,,,,,,
1151,,2282,779,3061,,,,,,,,,,,,,,,1009,,,1009,,,,,,,
1152,,1176,972,2148,,,,,,,,,,,,,,,275,,1024,1299,,,,,,,
1153,,502,,502,,275,,,275,,,,,,,,,,,,,,,,,,,,
1154,,13,,13,,13,,,13,,,,,,,,,,,,,,,,,,,,
1156,44,240,,285,,,,,,,,,,,,,,,285,,,285,,,,,,,
1157,,,,,,,,,,,,,,,,,,,64,,540,605,,,,,,,
1158,,6,,6,,,,,,,,,,,,,,,2,3,,6,,,,,,,
1160,38,198,629,864,,866,,,866,,,,,,,,,,866,,,866,,,,,,,
1162,,1017,,1017,,,,2,2,,,,,,,,,,507,,2,509,2,,,2,,,
1172,565,,,565,,,,,,,,,,,,,,,551,,,551,,,,,,,
1178,1441,,,1441,,,,,,,,,,,,,,,1155,,,1155,,,,,,,
1188,3321,1077,,4398,,,,,,,,,,,,,,,,,,,,,,,,,
1189,4902,1520,6862,13284,,1225,,12058,13283,,,,,,,,,,807,,9753,10560,,,,,,,
1190,5257,1147,,6404,,6404,,,6404,,,,,,,,,,,,,,,,,,,,
1191,,,,,,1341,,,1341,,,,,,,,,,,,,,,,,,,,
1192,476,,,476,,9660,,,9660,,,,,,,,,,,,,,,,,,,,
1193,693,,,693,,3216,,,3216,,,,,,,,,,,,,,,,,,,,
1195,2761,,,2761,,12606,,,12606,,,,,,,,,,,,,,,,,,,,
1196,1827,,,1827,,1985,,,1985,,,,,,,,,,,,,,,,,,,,
1201,,,,,,,1452,928,2380,,,,,,,,,,,,,,,,,,,,
1204,,,1540,1540,,3850,,1659,5509,,,,,,,,,,,,1540,1540,,,,,,,
1205,5117,,6461,11578,,2003,,4268,6271,,,,,,,,,,,,5898,5898,,,,,,,
1206,,76,426,502,,,,,,,,,,,,,,,1188,,471,1659,1657,,,1657,,,
1207,559,,514,1074,,,,,,,,,,,,,,,,,568,568,,,,,,,
1209,95,43,330,468,,468,,,468,,,,,,,,,,95,,373,468,35,,468,503,,,
1210,,33,4668,4701,,,103,699,802,,,,,,,,,,,,3494,3494,,,,,,,
1211,1042,257,1068,2366,,,,,,,,,,,,,,,,,1900,1900,,,,,,,
1216,236,,6723,6959,,171,289,5843,6303,,,,,,,,,,180,,6779,6959,1797,,4315,6112,,,
1217,,46,485,531,,,,,,,,,,,,,,,,,531,531,,,,,,,
1218,,23,188,211,,,,,,,,,,,,,,,,,211,211,,,,,,,
1219,,197,1328,1525,,,,,,,,,,,,,,,1272,,21,1293,1228,,,1228,,,
1220,43,,607,651,,,,,,,,,,,,,,,46,,788,834,,,,,,,
1224,,,3366,3366,,,,3366,3366,,,,,,,,,,,,4466,4466,,,,,,,
1225,241,,8722,8963,,42,159,6918,7119,,,,,,,,,,,265,8402,8667,97,,3601,3698,,,
1230,,,2321,2321,,,,2321,2321,,,,,,,,,,,,,,,,,,,,
1231,2104,,8136,10240,,,,8136,8136,,,,,,,,,,,,,,,,,,,,
1232,1446,,6238,7684,,,,5835,5835,,,,,,,,,,898,,5836,6734,2068,,,2068,,,
1233,1671,,4864,6535,,269,772,4679,5720,,,,,,,,,,,543,5177,5720,373,,5347,5720,,,
1234,,,,,,642,,573,1215,,,,,,,,,,,,,,,,,,,,
1237,,,,,,,,,,,,,,,,,,,404,,,404,,,,,,,
1238,5779,,2620,8399,,2693,2620,,5313,,,,,,,,,,,,6727,6727,,,,,,,
1239,390,3530,5910,9830,,1624,,8206,9830,,,,,,,,,,,,7934,7934,,,,,,,
1240,694,,7640,8333,,,,7078,7078,,,,,,,,,,664,,7107,7772,,,,,,,
1241,8277,,4086,12364,,4573,,4086,8659,,,,,,,,,,591,,11594,12186,,,,,,,
1242,7515,3139,5508,16162,,3765,20,8627,12412,,,,,,,,,,4188,2325,7287,13800,,,,,,,
1243,1282,3854,,5135,,58,1240,972,2269,,,,,,,,,,1518,,972,2490,,,,,,,
1244,25,,1511,1536,,,,,,,,,,,,,,,,,,,,,,,,,
1247,621,,,621,,,,,,,,,,,,,,,621,,,621,,,,,,,
1248,433,,,433,,,,,,,,,,,,,,,433,,,433,,,,,,,
1251,108,,1145,1253,,,,,,,,,,,,,,,53,,562,615,,,,,,,
1252,,,,,,,,,,,,,,,,,,,,,10,10,,,,,,,
1257,,,,,,,,,,,,,,,,,,,19,,,19,,,,,,,
1258,,,,,,,,,,,,,,,,,,,642,,,642,,,,,,,
1260,,3,,3,,,,,,,,,,,,,,,,,3,3,,,,,,,
1261,,,,,,,,,,,,,,,,,,,,,313,313,,,,,,,
1263,,54,258,312,,,,,,,,,,,,,,,,,,,,,,,,,
1266,17,,,17,,17,,,17,,,,,,,,,,17,,,17,,,17,17,,,
1267,,63,726,790,,,,,,,,,,,,,,,,,790,790,550,,,550,,,
1269,4,,,4,,,,,,,,,,,,,,,,,4,4,,,,,,,
1270,69,,732,800,,,,,,,,,,,,,,,77,,724,800,,,,,,,
1271,125,74,273,472,,,,,,,,,,,,,,,117,,355,472,,,,,,,
1274,50,,,50,,50,,,50,,,,,,,,,,218,,,218,,,,,,,
1276,175,,,175,,,,,,,,,,,,,,,864,,75,938,,,,,,,
1277,,,,,,,,,,,,,,,,,,,502,,554,1056,,,,,,,
1278,324,,,324,,21,,,21,,,,,,,,,,516,,327,843,,,,,,,
1279,562,,,562,,,,,,,,,,,,,,,28,,534,562,,,,,,,
1280,,,869,869,,,,,,,,,,,,,,,,,893,893,,,,,,,
1281,,11,14,24,,,,11,11,,,,,,,,,,,,24,24,,,,,,,
1288,,1254,3976,5230,,,,36,36,,,,,,,,,,,,3201,3201,3177,,35,3212,,,
1290,2202,,292,2494,,2487,,,2487,,,,,,,,,,,,,,,,,,,,
1291,,,8167,8167,,5803,,,5803,,,,,,,,,,,,5790,5790,2365,,,2365,,,
1292,377,,734,1111,,,,,,,,,,,,,,,583,,,583,,,,,,,
1293,,,6179,6179,,,,,,,,,,,,,,,869,,,869,,,1,1,,,
1294,5604,,620,6223,,,,,,,,,,,,,,,1787,,,1787,,,46,46,,,
1295,1123,,,1123,,,,,,,,,,,,,,,,,,,,,,,,,
1296,641,,2783,3423,,,,,,,,,,,,,,,2822,,,2822,1067,,977,2044,,,
1297,,34,836,870,,,,,,,,,,,,,,,,,,,,,,,,,
1298,,,2087,2087,,,,,,,,,,,,,,,676,,,676,666,,,666,,,
1299,1397,,765,2162,,,,,,,,,,,,,,,,,840,840,,,,,,,
1300,1457,,1205,2662,,,,,,,,,,,,,,,,,295,295,,,,,,,
1301,1856,152,3085,5094,,793,732,3489,5014,,,,,,,,,,429,628,3957,5014,,585,4000,4585,,,
1303,516,,6668,7184,,,,,,,,,,,,,,,,,1128,1128,,,,,,,
1304,983,688,2244,3915,,,,,,,,,,,,,,,,,,,,,,,,,
1305,1132,,3829,4961,,,,,,,,,,,,,,,2859,,1630,4489,,,,,,,
1306,1876,107,5096,7080,,1702,,946,2649,,,,,,,,,,,,4470,4470,,,,,,,
1307,163,1553,1868,3584,,,,,,,,,,,,,,,,,,,,,,,,,
1308,452,14,4755,5221,,,,,,,,,,,,,,,,,3120,3120,,,,,,,
1310,4654,,,4654,,,,,,,,,,,,,,,,,,,,,,,,,
1312,1806,513,,2318,,,,,,,,,,,,,,,480,,,480,,,,,,,
1314,631,3540,784,4954,,,,,,,,,,,,,,,1205,,,1205,,,,,,,
1315,369,,3686,4055,,,,,,,,,,,,,,,,,,,,,,,,,
1316,,,6284,6284,,,,,,,,,,,,,,,,,,,,,,,,,
1317,589,4161,6277,11027,,,,,,,,,,,,,,,,,,,,,,,,,
1318,,874,4505,5379,,,,,,,,,,,,,,,,,,,,,,,,,
1319,383,1666,7140,9189,,,,,,,,,,,,,,,5643,,,5643,5643,,,5643,,,
1320,101,2738,1533,4371,,,,,,,,,,,,,,,,,,,,,,,,,
1321,,145,4024,4169,,,,,,,,,,,,,,,3555,,614,4169,2374,,1795,4169,,,
1322,,66,5564,5630,,,,,,,,,,,,,,,5630,,,5630,,,5630,5630,,,
1323,13,1473,2307,3793,,,,,,,,,,,,,,,1090,,1230,2320,,,2307,2307,,,
1324,,221,1400,1620,,,,,,,,,,,,,,,,,,,,,,,,,
1325,253,104,,358,,,,,,,,,,,,,,,,,,,,,,,,,
1327,,33,,33,,,,,,,,,,,,,,,20,,,20,,,,,,,
1328,896,,,896,,,,,,,,,,,,,,,,,,,,,,,,,
1329,1340,,,1340,,,,,,,,,,,,,,,,,,,,,,,,,
1330,,293,2268,2561,,2554,,,2554,,,,,,,,,,,310,2251,2561,8,303,2242,2554,,,
1331,48,,,48,,,,,,,,,,,,,,,,,,,,,,,,,
1332,,1673,2620,4293,,,,,,,,,,,,,,,3346,,,3346,,,,,,,
1333,288,,,288,,,,,,,,,,,,,,,,,,,,,,,,,
1336,,,6,6,,,,,,,,,,,,,,,6,,,6,6,,,6,,,
1337,129,,,129,,,,,,,,,,,,,,,,,,,,,,,,,
1341,,8,,8,,,,,,,,,,,,,,,,,,,,,,,,,
1342,54,75,172,301,,,,,,,,,,,,,,,301,,,301,,53,248,301,,,
1345,20,91,,111,,,,,,,,,,,,,,,,,,,,,,,,,
1356,,10,,10,,,,,,,,,,,,,,,,,,,,,,,,,
1359,217,,467,684,,,,,,,,,,,,,,,,,,,,,,,,,
1365,36,75,,110,,,,,,,,,,,,,,,187,,,187,28,,83,110,,,
1387,489,,,489,,,,,,,,,,,,,,,,,,,,,,,,,
1392,398,,,398,,,,,,,,,,,,,,,,,,,,,,,,,
1393,227,,,227,,,,,,,,,,,,,,,,,,,,,,,,,
1396,,5,,5,,,,,,,,,,,,,,,5,,,5,,,,,,,
1397,,42,,42,,,,,,,,,,,,,,,42,,,42,,,,,,,
1411,472,,,472,,,,,,,,,,,,,,,,,,,,,,,,,
1415,155,,,155,,,,,,,,,,,,,,,,,,,,,,,,,
1423,7,,,7,,,,,,,,,,,,,,,,,,,,,,,,,
1427,236,,,236,,,,,,,,,,,,,,,,,,,,,,,,,
1428,2,,,2,,,,,,,,,,,,,,,,,,,,,,,,,
1429,233,,,233,,,,,,,,,,,,,,,,,,,,,,,,,
1432,304,,,304,,,,,,,,,,,,,,,162,,,162,,,,,,,
1437,4,,,4,,,,,,,,,,,,,,,,,4,4,,,,,,,
1451,285,,51,336,,,,,,,,,,,,,,,39,,297,336,55,,281,336,,,
1452,583,,,583,,,,,,,,,,,,,,,,,,,,,,,,,
1459,110,,,110,,,,,,,,,,,,,,,,,,,,,,,,,
1460,955,,8413,9369,,9366,,,9366,,,8413,8413,,,,,,,,8413,8413,,,,,,,
1468,373,,7164,7537,,3209,,,3209,3046,,3306,6353,,,,,,,,1373,1373,,,,,,,
1469,,,5531,5531,,5531,,,5531,,,5531,5531,,,,,,,,352,352,,,,,,,
1472,,,6802,6802,,,,,,5907,,,5907,,,,,,,,,,,,,,,,
1473,,,6,6,,,,,,6,,,6,,,,,,,,,,,,,,,,
1474,,1169,558,1727,,,,,,,,,,,,,,,,,,,,,,,,,
1475,430,,360,789,,762,,,762,,,713,713,,,,,,,,,,,,,,,,
1504,1698,,5818,7517,,5778,,,5778,,,5778,5778,,,,,,327,,6485,6812,,,,,,,
1505,266,,,266,,,,,,,,,,,,,,,86,,,86,,,,,,,
1506,433,,1074,1507,,,,,,1507,,,1507,,,,,,1074,,,1074,,,,,,,
1507,15613,,1108,16721,,,,,,,,,,,,,,,,,,,,,,,,,
1508,4013,,,4013,,,,,,,,,,,,,,,,,,,,,,,,,
1509,1693,,,1693,,,,,,,,,,,,,,,,,,,,,,,,,
1510,977,105,5126,6209,,496,,3172,3667,3657,,,3657,,,,,,2680,,3172,5852,,,,,,,
1511,9009,1534,3768,14311,,4584,,,4584,1396,,5029,6426,,,,,,9689,,4221,13909,1266,,4221,5486,,,
1513,2118,,3940,6059,,,,,,,,,,,,,,,1217,,,1217,,,,,,,
1514,1527,,,1527,,,,,,,,,,,,,,,1599,,,1599,,,,,,,
1515,3143,,,3143,,,,,,,,,,,,,,,4657,,,4657,,,,,,,
1516,4208,,,4208,,,,,,,,,,,,,,,4208,,,4208,,,,,,,
1517,2594,,3181,5774,,,,,,38,,,38,,,,,,6268,,,6268,1505,,,1505,,,
1518,1970,,,1970,,,,,,,,,,,,,,,2923,,,2923,,,,,,,
1519,3096,,8087,11183,,,,,,,,,,,,,,,2804,,,2804,,,,,,,
1520,10222,,106,10328,,,,,,,,,,,,,,,7009,,,7009,,,,,,,
1521,5848,,6724,12573,,4394,,,4394,,,6724,6724,,,,,,8925,,6252,15176,,,620,620,,,
1522,6054,,699,6752,,177,,,177,,,177,177,,,,,,7007,,177,7184,947,,177,1124,,,
1523,5316,,3285,8601,,3004,,,3004,,,,,,,,,,1621,,,1621,,,,,,,
1524,545,,6856,7401,,99,,5827,5927,6894,,,6894,,,,,,2382,,4690,7073,,,,,,,
1525,83,,5336,5419,,,,,,,,,,,,,,,,,,,,,,,,,
1527,5437,,,5437,,,,,,,,,,,,,,,2412,,,2412,,,,,,,
1528,8205,,4291,12497,,,,,,,,,,,,,,,9954,,,9954,,,,,,,
1529,5412,,3789,9202,,,,,,,,,,,,,,,,,,,,,,,,,
1530,,,921,921,,,,905,905,,,,,,,,,,,,,,,,,,,,
1531,,,1689,1689,,,,1689,1689,,,,,,,,,,,,111,111,,,,,,,
1534,327,,85,412,,85,,,85,,,,,,,,,,85,,,85,,,,,,,
1535,11435,,,11435,,,,,,,,,,,,,,,1483,,,1483,,,,,,,
1536,13028,,3493,16521,,,,,,,,,,,,,,,,,,,,,,,,,
1537,2731,,3145,5876,,,,,,,,,,,,,,,5713,,,5713,,,,,,,
1538,851,,3666,4516,,,,,,,,,,,,,,,4778,,,4778,,,,,,,
1539,578,,2033,2611,,,,,,,,,,,,,,,92,,,92,,,,,,,
1540,2408,,,2408,,,,,,,,,,,,,,,,,,,,,,,,,
1542,3,,,3,,,,,,,,,,,,,,,3,,,3,,,,,,,
1545,99,,,99,,,,,,,,,,,,,,,99,,,99,,,,,,,
1547,96,,,96,,96,,,96,96,,,96,,,,,,96,,,96,,,,,,,
1550,2749,,,2749,,,,,,,,,,,,,,,1890,,,1890,,,,,,,
1551,13,,,13,,,,,,,,,,,,,,,13,,,13,,,,,,,
1552,1626,,,1626,,,,,,,,,,,,,,,204,,,204,,,,,,,
1555,,,7945,7945,,,,5142,5142,,,,,,,,,,5141,,,5141,,,,,,,
1556,,,5887,5887,,,,,,,,,,,,,,,,,,,,,,,,,
1557,2023,,614,2636,,,,,,,,,,,,,,,,,,,,,,,,,
1558,,,2778,2778,,,,,,,,,,,,,,,1953,,,1953,,,,,,,
1559,110,,9478,9588,,,,16,16,,,,,,,,,,3963,,2476,6440,,,,,,,
1560,,,2107,2107,,,,,,,,,,,,,,,,,,,,,,,,,
1561,,,5741,5741,,,,2941,2941,,,,,,,,,,2986,,,2986,,,,,,,
1562,,,2422,2422,,,,,,,,,,,,,,,,,,,,,,,,,
1563,617,,955,1572,,,,,,,,,,,,,,,,,,,,,,,,,
1564,7167,,8213,15381,,,,,,,,,,,,,,,,,201,201,,,,,,,
1565,154,,899,1053,,,,,,,,,,,,,,,734,,,734,,,,,,,
1566,,,8411,8411,,,,,,,,,,,,,,,2088,,,2088,,,,,,,
1567,,,849,849,,,,,,,,,,,,,,,,,,,,,,,,,
1573,,,1408,1408,,,,,,,,,,,,,,,,,,,,,,,,,
1574,,,5238,5238,,,,,,,,,,,,,,,3132,,,3132,,,,,,,
1575,415,,2825,3240,,3233,,,3233,,,,,,,,,,3139,,,3139,,,,,,,
1576,,1405,,1405,,,,,,,,,,,,,,,221,,,221,,,,,,,
1577,,,4753,4753,,,,3480,3480,,,,,,,,,,27,,3452,3480,,,,,,,
1578,,1024,,1024,,,,,,,,,,,,,,,177,,,177,,,,,,,
1579,,,1951,1951,,,,15,15,,,,,,,,,,,,449,449,,,,,,,
1580,613,,2102,2716,,,,,,,,,,,,,,,,,,,,,,,,,
1581,,,9538,9538,,,705,8007,8712,,,,,,,,,,8712,,,8712,,,,,,,
1582,,,4827,4827,,,,4814,4814,,,,,,,,,,4814,,,4814,,,,,,,
1583,269,,9655,9924,,,,2431,2431,,,,,,,,,,2932,,,2932,,,,,,,
1584,423,,8064,8488,,812,212,6317,7341,,,,,,,,,,7400,,,7400,,,,,,,
1585,1190,,12408,13597,,47,,5363,5410,,,,,,,,,,5410,,,5410,,,,,,,
1586,193,,14079,14272,,193,,11423,11616,,,,,,,,,,1092,,10525,11616,,,,,,,
1587,564,,3824,4388,,,,,,,,,,,,,,,,,,,,,,,,,
1588,,,5556,5556,,,,3569,3569,,,,,,,,,,,,3569,3569,,,,,,,
1589,1978,238,4288,6504,,,,,,,,,,,,,,,,,227,227,,,,,,,
1590,116,,3608,3725,,,,,,,,,,,,,,,,,1931,1931,,,,,,,
1592,,,566,566,,,,,,,,,,,,,,,,,,,,,,,,,
1593,382,,5134,5516,,399,,5117,5516,,,,,,,,,,366,,5149,5516,,,,,,,
1594,2331,3687,2301,8318,,,,,,,,,,,,,,,3831,,,3831,,,,,,,
1595,,,8523,8523,,,,,,,,,,,,,,,2334,,2068,4403,,,,,,,
1596,,22,6548,6570,,,,,,,,,,,,,,,31,,,31,,,,,,,
1597,,95,3719,3815,,,,,,,,,,,,,,,,,,,,,,,,,
1598,,5779,,5779,,,,5779,5779,,,,,,,,,,,,5779,5779,,,,,,,
1599,,,4259,4259,,,,,,,,,,,,,,,,,,,,,,,,,
1600,,144,6746,6890,,,,6881,6881,,,,,,,,,,6861,,21,6881,,,,,,,
1602,1066,,3577,4644,,1428,,,1428,,,,,,,,,,592,,3464,4056,,,,,,,
1603,1044,2150,4417,7610,,,,,,,,,,,,,,,4074,,,4074,,,,,,,
1604,57,,2761,2817,,,,,,,,,,,,,,,,,2817,2817,,,,,,,
1605,,,2443,2443,,71,,,71,,,,,,,,,,519,,310,828,,,,,,,
1606,,1583,3318,4901,,,,,,,,,,,,,,,597,,,597,,,,,,,
1607,,,5057,5057,,3875,,,3875,,,,,,,,,,1074,,4817,5891,,,,,,,
1608,630,940,1667,3237,,2607,,,2607,,,,,,,,,,2607,,,2607,,,,,,,
1609,13,880,4275,5169,,2136,,,2136,,,,,,,,,,4275,,,4275,,,,,,,
1610,,,2950,2950,,,,,,,,,,,,,,,1888,,,1888,,,,,,,
1611,,1016,,1016,,,,,,,,,,,,,,,,,,,,,,,,,
1612,,1545,3992,5537,,,,5537,5537,,,,,,,,,,,,5537,5537,,,,,,,
1613,,,1706,1706,,,,,,,,,,,,,,,294,,,294,,,,,,,
1614,2669,,2889,5558,,,,2889,2889,,,,,,,,,,,,5389,5389,,,,,,,
1616,,,3515,3515,,,,,,,,,,,,,,,2317,,,2317,,,,,,,
1617,,129,5167,5295,,,,2300,2300,,,,,,,,,,297,,3194,3490,,,,,,,
1618,,6290,,6290,,2774,804,2684,6262,,,,,,,,,,4612,,1650,6262,,,,,,,
1620,,,1966,1966,,,,,,,,,,,,,,,,,,,,,,,,,
1621,,,2877,2877,,,,,,,,,,,,,,,,,,,,,,,,,
1622,,,34,34,,,,,,,,,,,,,,,34,,,34,,,,,,,
1625,274,3,26,304,,,,,,,,,,,,,,,,,,,,,,,,,
1626,,140,1441,1582,,,,,,,,,,,,,,,,,,,,,,,,,
1627,,27,,27,,,,,,,,,,,,,,,27,,,27,,,,,,,
1629,,,19,19,,,,,,,,,,,,,,,19,,,19,,,,,,,
1630,739,,,739,,713,,,713,,,,,,,,,,739,,,739,,,,,,,
1631,,40,,40,,,,,,,,,,,,,,,40,,,40,,,,,,,
1642,,5,,5,,,,,,,,,,,,,,,5,,,5,,,,,,,
1646,,,4,4,,,,,,,,,,,,,,,,,,,,,,,,,
1665,71,,,71,,,,,,,,,,,,,,,350,,,350,,,,,,,
1669,1067,,,1067,,,,,,,,,,,,,,,355,,,355,,,,,,,
1830,7048,,,7048,,,,,,7374,,,7374,,,,,,,,,,,,,,,,
1834,9725,,,9725,,,,,,6413,,279,6692,,,,,,,,,,,,,,,,
1838,400,2,,402,,,,,,,,,,,,,,,,,,,,,,,,,
1842,34,,,34,,,,,,,,,,,,34,34,,,,34,34,,,,,,,
1848,192,,,192,,,,,,,,,,,,4,4,,,,4,4,,,,,,,
1856,,3356,,3356,,,,,,2173,,1184,3356,,,,,,,,,,,,,,,,
1857,636,3982,,4618,,,,,,4178,,,4178,3418,,137,3554,,,,,,,,,,,,
1858,,,,,,,,,,235,,,235,,,,,,,,,,,,,,,,
1859,2042,8484,448,10975,,,,,,953,,8484,9437,,,,,,,,,,,,,,,,
1860,555,,,555,,,,,,555,,,555,555,,,555,,,,,,,,,,,,
1861,,,737,737,,,,,,,,824,824,,,,,,,,,,,,,,,,
1862,939,3903,,4842,,,,,,,,3903,3903,,,,,,,,,,,,,,,,
1868,25,3398,,3423,,,,,,3398,,,3398,,,3398,3398,,25,,3398,3423,,,,,,,
1873,,20,,20,,,,,,,,1724,1724,,,,,,,,,,,,,,,,
1876,,,,,,,,,,,,1167,1167,,,,,,,,,,,,,,,,
1877,815,5993,1256,8064,,,,,,,,6014,6014,,,,,,,,,,,,,,,,
1878,1352,4696,,6048,,,,,,,,4741,4741,,,,,,,,,,,,,,,,
1880,,,,,,,,,,108,,,108,,,,,,,,,,,,,,,,
1881,,,,,,,,,,,,0,0,,,,,,,,,,,,,,,,
1885,,,,,,,,,,72,,1036,1109,,,,,,,,,,,,,,,,
1886,149,3832,,3981,,,,,,,,5227,5227,,,,,,,,,,,,,,,,
1887,2336,7342,762,10439,,,,,,419,1267,7622,9308,,,,,,660,,8490,9151,,,,,,,
1888,,,,,,,,,,,,2458,2458,,,,,,,,,,,,,,,,
1889,,,,,,,,,,,,354,354,,,,,,,,,,,,,,,,
1891,91,,180,272,,,,,,,,42,42,,,,,,,,,,,,,,,,
1892,3710,6354,536,10600,,,,,,102,131,6390,6623,,,,,,520,,6717,7237,,,,,,,
1894,1811,792,,2603,,,,,,,,2292,2292,,,,,,,,574,574,,,,,,,
1895,4556,,,4556,,,,,,,,5359,5359,,,,,,,,,,,,,,,,
1900,,,,,,,,,,,,15,15,,,,,,,,,,,,,,,,
1905,,,,,,,,,,,,2781,2781,,,,,,,,,,,,,,,,
1909,,5377,,5377,,,,,,,,5261,5261,,,,,,,,,,,,,,,,
1910,281,7699,,7980,,,,,,,,7287,7287,,,,,,,,24,24,,,,,,,
1911,492,5375,,5867,,,,,,,3603,1772,5375,,,3187,3187,,,,5375,5375,,,,,,,
1912,1158,6871,,8029,,,,,,21,6285,,6306,,,6285,6285,,354,,6285,6640,,,,,,,
1915,3463,2916,,6379,,,,,,642,2639,,3280,,,2639,2639,,249,,2639,2888,,,,,,,
1917,1439,,1230,2670,,,,,,,,,,,,671,671,,,,,,,,,,,,
1918,3473,832,784,5090,,,,,,,262,,262,,,723,723,,380,,262,642,,,,,,,
1919,1006,,,1006,,,,,,,,,,,,,,,,,,,,,,,,,
1924,,,,,,,,,,,,236,236,,,,,,,,,,,,,,,,
1927,,,,,,,,,,,,1417,1417,,,,,,,,,,,,,,,,
1928,2355,4219,,6574,,,,,,,,7516,7516,,,,,,,,,,,,,,,,
1930,,9,,9,,,,,,,,3200,3200,,,,,,,,,,,,,,,,
1932,,,,,,,,,,,,899,899,,,,,,,,,,,,,,,,
1933,1085,534,1702,3321,,,,,,,,2208,2208,,,,,,,,,,,,,,,,
1934,7111,7297,,14408,,,,,,2030,,7143,9173,,,,,,,,,,,,,,,,
1935,462,4553,,5016,,,,,,,202,4771,4973,,,,,,,,,,,,,,,,
1936,7294,7250,1420,15963,,,,,,5171,,4076,9247,,,,,,,,,,,,,,,,
1937,300,4085,,4385,,,,,,,,4085,4085,,,,,,,,,,,,,,,,
1938,2565,5992,,8558,,,,,,,5329,663,5992,,,,,,,,,,,,,,,,
1939,1553,6273,,7826,,,,,,2410,6273,,8683,,,,,,,,820,820,,,,,,,
1940,489,247,4011,4747,,,,,,189,,,189,,,189,189,,1359,,159,1518,,,,,,,
1941,478,6109,1056,7643,,,,,,6109,,,6109,,,5567,5567,,478,,6109,6587,,,,,,,
1942,924,799,1515,3239,,,,,,,,,,,,,,,,,,,,,,,,,
1943,,1065,1098,2163,,,,,,143,,,143,,,143,143,,,,2163,2163,,,,,,,
1947,1745,8,,1753,,,,,,282,,979,1262,,,,,,,,,,,,,,,,
1950,1396,3999,12,5407,,,,,,95,,4326,4421,,,,,,,,,,,,,,,,
1952,,24,,24,,,,,,,,24,24,,,,,,,,,,,,,,,,
1953,11013,5298,,16311,,,,,,6076,,,6076,749,,5298,6046,,5238,,3084,8322,,,,,,,
1954,,,,,,,,,,161,,,161,161,,,161,,,,,,,,,,,,
1987,2385,,,2385,,,,,,,,,,,,991,991,,,,,,,,,,,,
1988,6168,,,6168,,,,,,,,,,2205,,3963,6168,,,,,,,,,,,,
1989,148,1414,866,2428,,,,,,,,,,491,,2412,2903,,,,2412,2412,,,,,,,
1992,4549,,4770,9320,,,,,,,,,,,,5454,5454,,3746,,4770,8516,,,,,,,
1993,2167,345,3640,6152,,,,,,,,,,,,3050,3050,,1144,,3161,4305,,,,,,,
1994,300,4828,,5128,,,,,,,,,,,,4828,4828,,,,4828,4828,,,,,,,
1997,2097,,94,2191,,,,,,,,,,,,2181,2181,,,,,,,,,,,,
1998,2139,,6556,8695,,,,,,,,,,,,6540,6540,,319,,3825,4144,,,,,,,
1999,342,7118,13,7474,,,,,,,,,,,,7131,7131,,,,7131,7131,,,,,,,
2002,623,,420,1043,,,,,,,,,,,,404,404,,,,,,,,,,,,
2003,1272,3878,,5151,,,,,,,,,,,,,,,,,,,,,,,,,
2004,,3847,,3847,,,,,,,,,,,,186,186,,,,,,,,,,,,
2005,277,4711,,4988,,,,,,96,,,96,96,,4711,4807,,,,,,,,,,,,
2007,1150,,,1150,,,,,,1129,,,1129,1129,,,1129,,,,,,,,,,,,
2009,52,,,52,,,,,,,,,,,,,,,,,,,,,,,,,
2010,1170,3,,1173,,241,,,241,3,,,3,,,3,3,,,,3,3,,,,,,,
2011,68,,309,377,,,,,,,,,,,,,,,309,,,309,,,,,,,
2014,1088,,,1088,,,,1088,1088,,,,,,,,,,,,,,,,,,,,
2016,,,,,,,,,,13,,,13,,,,,,,,,,,,,,,,
2018,,,,,,,,,,1617,,,1617,,,,,,,,,,,,,,,,
2019,1256,,2420,3676,,,,,,,,,,,,,,,,,,,,,,,,,
2020,998,2042,458,3498,,,,,,,,,,,,,,,,,,,,,,,,,
2024,565,1234,,1799,,165,752,2227,3144,,,,,,,,,,,,,,,,,,,,
2025,3970,9313,,13283,,592,,9313,9905,,,,,,,,,,750,,8177,8927,,,,,,,
2027,10391,17,,10408,,,,17,17,17,,,17,532,,,532,,3025,,17,3042,,,,,,,
2028,,,,,,,,,,74,,,74,,,,,,,,,,,,,,,,
2029,5984,4,,5988,,,,,,721,,1600,2321,,,,,,,,,,,,,,,,
2030,619,,,619,,,,,,546,,,546,,,,,,,,,,,,,,,,
2031,366,5,,371,,,,,,,,,,,,,,,,,,,,,,,,,
2035,2733,,1929,4661,,,,,,,,,,,,,,,,,,,,,,,,,
2036,,72,614,686,,,,368,368,,,,,,,,,,309,,377,685,,,,,,,
2037,215,,,215,,,,,,,,,,,,,,,226,,,226,,,,,,,
2038,448,,3258,3706,,,,,,,,,,,,,,,,,,,,,,,,,
2039,1479,,,1479,,,,,,,,,,,,,,,,,,,,,,,,,
2040,956,,736,1692,,,347,436,783,,,,,,,,,,736,,,736,,,,,,,
2041,2892,,338,3230,,,,306,306,,,,,,,,,,,,,,,,,,,,
2042,,,1150,1150,,,,,,,,,,,,,,,971,,,971,,,,,,,
2043,1137,,500,1637,,,,,,,,,,,,,,,,,,,,,,,,,
2044,622,,1619,2240,,,,,,,,,,,,,,,1250,,,1250,,,,,,,
2045,2418,,1103,3522,,,,,,,,,,,,,,,,,,,,,,,,,
2047,1932,,1176,3109,,,,,,,,,,,,,,,,,489,489,,,,,,,
2048,720,8161,1942,10823,,151,,,151,,,,,,,,,,1338,,,1338,,,,,,,
2049,585,5541,3091,9217,,3988,,,3988,,,,,,,,,,11,,3977,3988,,,,,,,
2050,2108,46,1416,3570,,,,46,46,,,,,,,,,,,,46,46,,,,,,,
2063,3495,,162,3657,,,,,,1709,,573,2282,,,,,,,,,,,,,,,,
2064,3603,62,,3665,,,,,,6020,,,6020,,,,,,,,,,,,,,,,
2065,412,1,,413,,,,,,,,,,,,,,,,,,,,,,,,,
2068,,,,,,,,,,748,,,748,,,,,,,,,,,,,,,,
2069,860,,,860,,,,,,,,,,,,,,,,,,,,,,,,,
2070,2880,1248,750,4878,,,,,,4599,,,4599,,,,,,,,,,,,,,,,
2071,,,,,,,,,,1308,,,1308,,,,,,,,,,,,,,,,
2072,237,,,237,,,,,,,,,,,,,,,,,,,,,,,,,
2073,,40,,40,,,,,,3001,,,3001,,,,,,,,,,,,,,,,
2074,1280,,,1280,,,,,,,,,,,,,,,,,,,,,,,,,
2075,2594,1626,1593,5814,,1626,,,1626,,,,,,,,,,,,1626,1626,,,,,,,
2076,,5159,792,5951,,,,3963,3963,,,,,,,,,,14,,3963,3976,,,,,,,
2077,7641,,,7641,,,,,,,,,,,,,,,77,,,77,,,,,,,
2078,1011,5834,,6845,,,,,,,5834,,5834,,,5834,5834,,319,,5834,6152,,,,,,,
2079,2084,4653,2607,9344,,,,,,,,,,,,7493,7493,,1490,,4478,5967,,,,,,,
2080,3680,5852,189,9720,,,,,,6008,,,6008,189,,5852,6040,,859,,6601,7460,,,,,,,
2081,11591,902,,12493,,,,,,7730,,,7730,6375,,902,7277,,10691,,764,11455,,,,,,,
2082,5928,8436,,14365,,11369,,1263,12632,9446,,,9446,781,,9131,9912,,2977,,9131,12108,,,,,,,
2083,2232,4666,,6898,,,,4666,4666,4666,,,4666,4618,,48,4666,,794,,4666,5460,,,,,,,
2084,6554,4269,,10824,,,,4269,4269,4269,,,4269,4269,,,4269,,,,4269,4269,,,,,,,
2085,,5576,,5576,,,,5576,5576,5547,,,5547,5547,,,5547,,,,5576,5576,,,,,,,
2086,1342,4065,,5407,,271,,4036,4307,4020,,,4020,4020,,,4020,,271,,4036,4307,,,,,,,
2087,5394,18620,207,24222,,2643,695,19409,22747,12525,,,12525,13686,,,13686,,13828,,7131,20960,,,,,,,
2088,12114,4530,6113,22757,,9550,,8373,17923,1029,,,1029,1029,,,1029,,9937,,,9937,,,,,,,
2089,17003,8938,4066,30007,,4155,,9042,13197,9042,,,9042,9042,,,9042,,18837,,,18837,,,,,,,
2090,7535,5207,3750,16491,,4191,,7018,11209,7066,,,7066,7066,,,7066,,11209,,,11209,,,,,,,
2091,9090,,4073,13162,,5770,,,5770,,,,,,,,,,5770,,,5770,,,,,,,
2092,6556,,6372,12928,,1913,285,446,2644,,,,,,,,,,4400,,,4400,,,,,,,
2093,4388,,,4388,,,,,,,,,,,,,,,,,,,,,,,,,
2094,6157,7605,,13762,,6157,5654,1950,13762,7605,,,7605,7605,,,7605,,13762,,,13762,,,,,,,
2095,14951,3193,2988,21132,,13045,,,13045,,,,,,,,,,15288,,,15288,,,,,,,
2096,3705,3168,8856,15728,,2327,2908,4340,9574,,,,,,,,,,9629,,3230,12859,,,,,,,
2097,5120,31,,5151,,,,,,,,,,,,,,,,,,,,,,,,,
2098,8603,3398,,12000,,866,8079,,8945,3398,,,3398,3398,,,3398,,8942,,,8942,,,,,,,
2099,2189,,5722,7911,,105,,,105,,,,,,,,,,,,,,,,,,,,
2100,4440,580,2283,7303,,,,,,,,,,,,,,,,,,,,,,,,,
2101,4303,4506,,8810,,,,,,,,,,,,,,,,,,,,,,,,,
2102,4443,2241,,6684,,,,,,,,,,,,,,,,,,,,,,,,,
2103,2563,4447,,7011,,,14,,14,,,,,,,,,,3109,,,3109,,,,,,,
2104,428,6703,,7131,,,6703,,6703,6703,,,6703,6703,,,6703,,6703,,,6703,,,,,,,
2105,,36,,36,,,36,,36,36,,,36,36,,,36,,36,,,36,,,,,,,
2106,2520,5161,,7681,,,5161,,5161,5161,,,5161,5161,,,5161,,5161,,,5161,,,,,,,
2107,32,7653,,7685,,,7685,,7685,7685,,,7685,7685,,,7685,,7685,,9,7694,,,,,,,
2108,6679,,,6679,,,,,,,,,,,,,,,,,,,,,,,,,
2109,4699,4996,1630,11326,,3175,,,3175,,,,,,,,,,3175,,,3175,,,,,,,
2110,477,,1874,2351,,,,,,,,,,,,,,,,,,,,,,,,,
2111,3706,11,,3716,,11,,,11,,,,,,,,,,11,,,11,,,,,,,
2112,3078,13,,3091,,13,,,13,,,,,,,,,,13,,,13,,,,,,,
2113,12256,,6872,19129,,,,,,,,,,,,,,,,,,,,,,,,,
2114,2386,3605,4293,10284,,3605,,,3605,,,,,,,,,,4493,,,4493,,,,,,,
2115,3830,8895,1076,13802,,10171,74,,10246,74,,,74,74,,,74,,10350,,,10350,,,,,,,
2116,3958,8005,,11964,,2034,9930,,11964,11964,,,11964,11964,,,11964,,10465,,,10465,,,,,,,
2117,8976,,,8976,,8976,,,8976,,,,,,,,,,8976,,,8976,,,,,,,
2119,814,8020,,8834,,3072,5418,,8490,7976,,,7976,7976,,,7976,,8766,,,8766,,,,,,,
2120,133,7311,5301,12744,,,,6846,6846,,,,,,,,,,699,,6846,7546,,,,,,,
2121,873,1907,6301,9081,,,,,,,,,,,,,,,904,,,904,,,,,,,
2122,138,6497,1964,8599,,,,,,,,,,,,,,,,,,,,,,,,,
2123,6619,491,5532,12643,,12,,,12,,,,,,,,,,1153,,4379,5532,,,,,,,
2124,2501,,8956,11457,,3298,,,3298,,,,,,,,,,,,3607,3607,,,,,,,
2125,138,1417,11692,13247,,609,,6668,7276,,,,,,,,,,,,7276,7276,,,,,,,
2126,1657,,1998,3655,,,,,,,,,,,,,,,180,,1973,2153,,,,,,,
2127,1127,,1591,2718,,722,,,722,,,,,,,,,,,,722,722,,,,,,,
2128,,5715,1259,6974,,6528,,,6528,,,,,,,,,,,,6548,6548,,,,,,,
2129,,4879,4194,9074,,748,3775,1107,5630,,,,,,,,,,,,6783,6783,,,,,,,
2130,1893,10650,,12543,,8625,3100,,11726,,,,,,,,,,9484,,2242,11726,,,,,,,
2131,,,,,,,,,,,,,,,,,,,1712,,,1712,,,,,,,
2133,4919,,,4919,,,,,,,,,,,,,,,,,,,,,,,,,
2134,4505,,,4505,,,,,,,,,,,,,,,,,,,,,,,,,
2136,9087,,,9087,,,,,,,,,,,,,,,,,,,,,,,,,
2137,299,,,299,,,,,,,,,,,,,,,,,,,,,,,,,
2138,6065,,,6065,,1524,,,1524,,,,,,,,,,,,,,,,,,,,
2139,5871,,,5871,,179,,,179,,,,,,,,,,,,,,,,,,,,
2147,2713,,,2713,,,,,,,,,,,,,,,,,,,,,,,,,
2148,33,33,,66,,33,,,33,,,,,,,,,,33,,,33,,,,,,,
2149,2202,,,2202,,2126,,,2126,,,,,,,,,,,,,,,,,,,,
2151,2800,,,2800,,,,,,,,,,,,,,,,,,,,,,,,,
2152,,,1649,1649,,,,,,,,,,,,,,,137,,,137,,,,,,,
2153,908,,,908,,,,,,,,,,,,,,,,,,,,,,,,,
2154,,284,,284,,,,,,,,,,,,,,,,,,,,,,,,,
2155,4308,160,,4468,,4052,160,,4213,160,,,160,160,,,160,,4468,,,4468,,,,,,,
2156,4103,73,,4176,,1529,,,1529,59,,,59,59,,,59,,5471,,,5471,,,,,,,
2157,426,14200,677,15303,,,,,,6447,4742,,11189,,,11705,11705,,429,,11074,11502,,,,,,,
2158,6942,7170,10239,24352,,,,,,711,8582,,9293,1342,,10705,12047,,1030,,11448,12478,,,,,,,
2159,173,11146,2401,13719,,1165,,6341,7506,,,,,,,,,,,,7506,7506,,,,,,,
2160,10750,12145,199,23094,,19522,,,19522,16340,,,16340,754,,15585,16339,,2861,,17911,20772,,,,,,,
2161,12385,11379,157,23921,,1008,,,1008,23710,,,23710,10122,,11055,21178,,8963,,10676,19638,,,,,,,
2162,13624,13818,1002,28445,,,,,,21776,,,21776,12398,,12473,24871,,5677,,14203,19880,,,,,,,
2163,1527,10267,,11794,,5236,,5866,11102,5123,,,5123,10009,,,10009,,2918,,5123,8041,,,,,,,
2164,4683,4419,3999,13101,,1282,,3143,4425,3143,,,3143,3143,,,3143,,7150,,3143,10292,,,,,,,
2165,6373,6505,12344,25222,,2041,3813,5056,10911,3220,,,3220,3220,,,3220,,4475,,6881,11356,,,,,,,
2166,1752,,8752,10504,,29,,1487,1515,,,,,,,,,,1515,,,1515,,,,,,,
2168,4,4,,7,,4,,,4,,,,,,,,,,4,,,4,,,,,,,
2171,9,,,9,,,,,,,,,,,,,,,,,,,,,,,,,
2199,799,,,799,,,,,,,,,,,,,,,,,,,,,,,,,
2206,1357,,,1357,,1354,,,1354,,,,,,,,,,1354,,,1354,,,,,,,
2209,405,2817,,3222,,502,,,502,,,,,,,,,,3319,,,3319,,,,,,,
2232,946,,,946,,946,,,946,946,,,946,946,,,946,,,,,,,,,,,,
2233,,35,8239,8274,,,,,,,,,,,,,,,,,,,,,,,,,
2235,119,7242,494,7856,,,,,,,,,,,,,,,,,,,,,,,,,
2238,223,122,2767,3112,,,,,,,,,,,,,,,,,,,,,,,,,
2242,218,,1550,1768,,1753,,,1753,,,,,,,1908,1908,,928,,,928,,,,,,,
2243,611,,1869,2479,,,,,,,,,,,,,,,496,,162,658,,,,,,,
2244,74,,505,579,,,,,,,,,,,,,,,352,,,352,,,,,,,
2245,5,,,5,,,,,,,,,,,,,,,,,,,,,,,,,
2246,15119,,,15119,,10325,,,10325,,,,,,,,,,,,,,,,,,,,
2247,2802,,3680,6482,,,,,,,,,,,,,,,,,,,,,,,,,
2248,4771,,,4771,,,,,,,,,,,,,,,,,,,,,,,,,
2249,1946,,2808,4753,,,,,,,,,,,,,,,,,,,,,,,,,
2250,5784,,8243,14027,,,,,,,,,,,,,,,,,,,,,,,,,
2251,3479,,2912,6392,,1768,,,1768,,,,,,,,,,,,,,,,,,,,
2252,9232,,751,9982,,6896,,,6896,,,,,,,,,,,,,,,,,,,,
2253,5144,3866,780,9790,,7290,,,7290,,,,,,,,,,,,,,,,,,,,
2254,17,5155,2737,7909,,5155,,,5155,,,,,,,,,,,,,,,,,,,,
2255,1168,6947,2968,11083,,7640,,,7640,,,,,,,,,,,,,,,,,,,,
2256,8318,4183,2699,15200,,4259,,,4259,,,,,,,,,,,,,,,,,,,,
2257,4414,3227,650,8292,,3227,,,3227,,,,,,,,,,,,,,,,,,,,
2258,723,8646,,9370,,8646,,,8646,,,,,,,,,,,,,,,,,,,,
2260,7,,,7,,,,,,,,,,,,,,,,,,,,,,,,,
2261,11229,389,527,12145,,3819,,1725,5544,,,,,,,,,,1471,,22,1494,,,,,,,
2262,4965,,6430,11394,,,,,,,,,,,,,,,561,,3634,4195,,,,,,,
2263,1670,,,1670,,,,,,,,,,,,,,,,,,,,,,,,,
2264,10115,,2003,12117,,389,,,389,,,,,,,1436,1436,,1106,,1570,2676,,,,,,,
2265,3518,,3124,6642,,,,,,,,,,,,,,,1281,,332,1613,,,,,,,
2266,1966,1358,,3324,,1221,,,1221,,,,,,,1379,1379,,,,,,,,,,,,
2267,2365,112,2273,4750,,2944,,,2944,,,,,,,2944,2944,,5556,,11,5567,,,,,,,
2268,547,,,547,,,,,,,,,,,,,,,395,,,395,,,,,,,
2269,8907,86,923,9916,,86,,,86,,,,,,,86,86,,7101,,86,7187,,,,,,,
2270,89,,,89,,,,,,,,,,,,,,,,,,,,,,,,,
2271,174,,410,584,,,,,,,,,,,,,,,,,,,,,,,,,
2272,516,5497,457,6471,,,,,,,,,,,,,,,,,,,,,,,,,
2273,,8333,,8333,,,,,,,,,,,,,,,,,,,,,,,,,
2274,,6016,,6016,,,,,,,,,,,,,,,,,,,,,,,,,
2275,9,,,9,,,,,,,,,,,,,,,9,,,9,,,,,,,
2277,,2780,,2780,,2421,,,2421,,,,,,,2827,2827,,2421,,,2421,,,,,,,
2281,,56,,56,,,,,,,,,,,,,,,,,,,,,,,,,
2282,1429,,,1429,,,,,,,,,,,,,,,70,,,70,,,,,,,
2283,2658,6378,,9037,,,,6378,6378,,,,,,12,,12,,331,,6367,6698,,,,,,,
2287,438,4667,,5105,,,,4667,4667,,,,,,,,,,,,4667,4667,,,,,,,
2288,,3902,,3902,,3024,,877,3902,,,,,,,,,,,,1427,1427,,,,,,,
2289,1456,4211,,5667,,,,4211,4211,,,,,,,,,,,,4211,4211,,,,,,,
2290,3711,8221,,11932,,92,,8221,8313,,,,,,,,,,,,9069,9069,,,,,,,
2291,431,,3130,3561,,1945,,,1945,,,,,,,,,,,,1773,1773,,,,,,,
2292,,2426,1906,4333,,,,2426,2426,,,,,,,,,,,,2426,2426,,,,,,,
2293,7715,4358,4625,16697,,,2021,,2021,,,,,,,,,,,,8569,8569,,,,,,,
2294,2164,,,2164,,,,,,,,,,,,,,,,,,,,,,,,,
2295,4334,8104,2284,14723,,1204,879,7225,9308,,,,,,,,,,938,,9215,10153,,,,,,,
2296,892,,7082,7974,,,,,,,,,,,,,,,,,,,,,,,,,
2297,3811,3811,342,7964,,2455,,,2455,,,,,,,,,,,,,,,,,,,,
2298,,2921,629,3550,,2921,,,2921,,,,,,,,,,,,,,,,,,,,
2299,,,8196,8196,,,,,,,,,,,,,,,,,,,,,,,,,
2300,108,315,5835,6258,,1,,,1,,,,,,,,,,288,,1004,1293,,,,,,,
2301,6398,7458,,13856,,7649,,,7649,,,,,2205,,4659,6863,,8910,,,8910,,,,,,,
2302,9483,6101,2996,18581,,8071,,,8071,,,,,1072,,6773,7845,,10688,,1720,12408,,,,,,,
2303,76,8932,,9008,,,,1552,1552,,,,,,,,,,,,,,,,,,,,
2304,5307,4252,1389,10948,,5608,,,5608,,,,,,,4252,4252,,5608,,,5608,,,,,,,
2305,974,2424,2243,5641,,2424,,,2424,,,,,,,2424,2424,,2513,,1595,4107,,,,,,,
2306,15742,,,15742,,,,,,,,,,,,,,,,,,,,,,,,,
2307,3778,10760,,14538,,7161,,4309,11470,,,,,,4440,6313,10754,,11464,,6,11470,,,,,,,
2308,1276,,6188,7464,,,,,,,,,,,,,,,,,,,,,,,,,
2309,756,2083,6824,9663,,1835,,20,1855,,,,,1833,20,,1852,,718,,1998,2715,,,,,,,
2310,3229,7092,220,10542,,54,,7092,7147,,,,,6825,268,,7092,,7092,,,7092,,,,,,,
2311,,,3078,3078,,,,,,,,,,,,,,,,,,,,,,,,,
2312,861,660,5775,7296,,,,,,,,,,,,,,,,,,,,,,,,,
2313,1005,2538,1481,5024,,,,2538,2538,,,,,,,,,,,,,,,,,,,,
2314,2126,4415,482,7023,,,,4415,4415,,,,,,,,,,,,,,,,,,,,
2315,111,,10630,10741,,,,,,,,,,,,,,,7,,612,619,,,,,,,
2316,6377,4932,,11309,,,,10628,10628,,,,,7692,,,7692,,10648,,,10648,,,,,,,
2317,4667,3591,,8258,,2357,,5859,8215,,,,,5859,,,5859,,8167,,43,8210,,,,,,,
2318,6057,184,2388,8628,,3531,1339,448,5318,,,,,5319,,,5319,,6715,,,6715,,,,,,,
2320,7915,,,7915,,64,,,64,,,,,13,,1570,1583,,7984,,,7984,,,,,,,
2321,3729,,,3729,,4013,,,4013,,,,,3729,,,3729,,4013,,,4013,,,,,,,
2322,2043,,6621,8665,,,,,,,,,,,,,,,,,,,,,,,,,
2323,,,4142,4142,,,,,,,,,,,,,,,,,,,,,,,,,
2324,1499,981,3473,5954,,,,,,,,,,,,10,10,,4337,,,4337,,,,,,,
2325,6655,,,6655,,1989,,,1989,,,,,,,4771,4771,,6643,,,6643,,,,,,,
2327,1083,10835,3713,15631,,12617,,,12617,,,,,1062,,11185,12248,,2329,,8334,10663,,,,,,,
2328,6708,9665,1264,17637,,9010,,,9010,,,,,,,9010,9010,,5906,,9857,15763,,,,,,,
2329,5672,5757,1273,12703,,5757,,,5757,,,,,,,5757,5757,,6681,,,6681,,,,,,,
2330,1878,5125,2091,9094,,5125,,,5125,,,,,,,5125,5125,,5950,,1626,7576,,,,,,,
2331,3360,9837,723,13919,,9837,,,9837,,,,,,,9575,9575,,2992,,9133,12125,,,,,,,
2332,694,,,694,,540,,,540,,,,,,,694,694,,540,,,540,,,,,,,
2333,3194,,,3194,,3194,,,3194,,,,,,,,,,3194,,,3194,,,,,,,
2342,1361,,1456,2817,,,,,,,,,,,,,,,,,2060,2060,,,,,,,
2343,3270,476,3484,7230,,,,,,,,,,,,,,,,,7351,7351,,,,,,,
2350,2630,,,2630,,,,,,,,,,,,,,,,,,,,,,,,,
2352,54,,,54,,,,,,,,,,,,,,,,,,,,,,,,,
2414,333,,,333,,,,,,,,,,,,,,,,,,,,,,,,,
2451,,,3057,3057,,,,,,,,,,,,,,,,,3046,3046,,,,,,,
2458,4978,2734,4571,12284,,,,,,,,,,,,,,,,,,,,,,,,,
2459,397,2745,1501,4642,,,,,,,,,,,,,,,,,,,,,,,,,
2462,618,33,,651,,,,33,33,,,,,,,,,,,,,,,,,,,,
2466,956,26,,982,,,,26,26,,,,,,,,,,,,,,,,,,,,
2467,7742,,,7742,,7435,,307,7742,,,,,,,,,,,,,,,,,,,,
2468,1435,,,1435,,768,,,768,,,,,750,,,750,,,,,,,,,,,,
2469,738,,,738,,19,,,19,,,,,19,,,19,,,,,,,,,,,,
2470,4319,,,4319,,1403,,,1403,,,,,,,,,,,,,,,,,,,,
2472,917,977,,1894,,1894,,,1894,,,,,1894,,,1894,,1894,,,1894,,,,,,,
2473,870,,,870,,,,,,,,,,,,,,,,,,,,,,,,,
2474,41,,,41,,41,,,41,,,,,,,,,,,,,,,,,,,,
2475,1243,10013,,11256,,1228,,10013,11241,,,,,,,,,,3145,,,3145,,,,,,,
2476,1250,21,,1271,,,,21,21,,,,,,,,,,,,,,,,,,,,
2477,10263,,,10263,,10037,,,10037,,,,,,,,,,,,,,,,,,,,
2479,2342,3212,,5554,,275,,3212,3487,,,,,,,,,,,,,,,,,,,,
2480,1694,,,1694,,,,,,,,,,,,,,,,,,,,,,,,,
2482,974,,,974,,3,,,3,,,,,,,,,,,,,,,,,,,,
2483,3706,7407,,11113,,,,7407,7407,,,,,,,,,,,,,,,,,,,,
2485,83,4097,,4181,,4181,,,4181,,,,,,,,,,,,,,,,,,,,
2486,383,,,383,,,,,,,,,,,,,,,,,,,,,,,,,
2487,307,3605,,3913,,62,,3543,3605,,,,,,,,,,,,,,,,,,,,
2488,,2062,,2062,,2041,,21,2062,,,,,,,,,,,,,,,,,,,,
2489,7894,,,7894,,2359,,,2359,,,,,,,,,,,,,,,,,,,,
2492,7722,,,7722,,7722,,,7722,,,,,,,,,,,,,,,,,,,,
2494,218,,,218,,,,,,,,,,,,,,,,,,,,,,,,,
2498,2342,,,2342,,1030,,,1030,,,,,,,,,,,,,,,,,,,,
2502,6856,,14117,20973,,,,,,,,,,,,,,,,,,,,,,,,,
2530,5448,,,5448,,,,,,,,,,,,,,,,,,,,,,,,,
2532,1981,,,1981,,1113,,,1113,,,,,,,,,,,,,,,,,,,,
2533,7957,481,2358,10796,,,,,,,,,,,,,,,,,,,,,,,,,
2534,3968,5262,4512,13741,,1492,,4146,5637,,,,,,,,,,,,,,,,,,,,
2537,2530,,,2530,,,,,,,,,,,,,,,,,,,,,,,,,
2538,6593,229,1195,8018,,,,3857,3857,,,,,,,,,,2432,,,2432,,,,,,,
2543,61,,2183,2244,,,,2200,2200,,,,,,,,,,,,,,,,,,,,
2549,2102,10109,325,12536,,,,10109,10109,,,,,,,,,,6838,,,6838,,,,,,,
2554,26,155,,181,,26,,155,181,,,,,,,,,,,,,,,,,,,,
2556,4731,6415,,11146,,171,627,7243,8042,,,,,,,,,,6722,,0,6722,,,,,,,
2557,3419,6421,7409,17249,,,,6297,6297,,,,,,,,,,6296,,,6296,,,,,,,
2558,3197,,2713,5910,,,,,,,,,,,,,,,,,,,,,,,,,
2559,343,,567,910,,547,,,547,,,,,,,,,,,,,,,,,,,,
2562,2835,,,2835,,2135,,,2135,,,,,,,,,,,,,,,,,,,,
2563,7261,,,7261,,5574,,,5574,,,,,,,,,,,,,,,,,,,,
2564,2052,3532,,5584,,641,,3532,4173,,,,,,,,,,,,,,,,,,,,
2565,2768,7339,1329,11436,,1608,,7230,8837,,,,,18,,,18,,2,,18,20,,,,,,,
2566,591,8398,,8989,,606,,7984,8590,,,,,8590,,,8590,,606,,7984,8590,,,,,,,
2567,3943,,,3943,,,,,,,,,,,,,,,,,,,,,,,,,
2568,4992,10405,,15397,,1957,,8448,10405,,,,,8466,,,8466,,1957,,8448,10405,,,,,,,
2570,,89,1097,1186,,,,1186,1186,,,,,1184,,,1184,,,,1186,1186,,,,,,,
2571,1602,,,1602,,,,,,,,,,,,,,,,,,,,,,,,,
2573,2107,,211,2319,,,,,,,,,,,,,,,,,,,,,,,,,
2574,,2723,2819,5543,,,,5543,5543,,,,,5543,,,5543,,,,,,,,,,,,
2576,3032,,,3032,,,383,,383,,,,,383,,,383,,,,,,,,,,,,
2578,16651,,,16651,,,,,,,,,,,,,,,5621,,,5621,,,,,,,
2583,,,3199,3199,,,,3199,3199,,,,,3194,,,3194,,,,,,,,,,,,
2584,274,,,274,,,,,,,,,,,,,,,,,,,,,,,,,
2585,1897,7490,,9386,,7033,,,7033,,,,,7015,,,7015,,,,,,,,,,,,
2586,2502,7450,,9952,,6823,618,,7441,,,,,7441,,,7441,,,,,,,,,,,,
2587,4971,6747,2312,14030,,364,6615,,6979,,,,,6615,,,6615,,,,,,,,,,,,
2589,1181,,,1181,,73,,,73,,,,,,,,,,,,,,,,,,,,
2592,3435,,,3435,,2653,,,2653,,,,,,,,,,,,,,,,,,,,
2593,4015,1142,,5158,,,,4453,4453,,,,,,,,,,,,,,,,,,,,
2594,5795,5728,,11523,,3334,,5728,9063,,,,,,,,,,,,,,,,,,,,
2595,3004,9301,,12306,,9390,,,9390,,,,,,,,,,,,,,,,,,,,
2600,7553,,,7553,,6248,,,6248,,,,,,,,,,,,,,,,,,,,
2601,214,,397,612,,,,,,,,,,,,,,,,,,,,,,,,,
2604,,,4559,4559,,,,,,,,,,,,,,,,,,,,,,,,,
2605,1880,,3102,4982,,,,,,,,,,,,,,,,,,,,,,,,,
2606,1516,,2752,4268,,,,,,,,,,,,,,,,,,,,,,,,,
2609,5884,4712,,10596,,1334,,4712,6046,,,,,,,,,,3432,,2614,6046,,,,,,,
2610,3226,4526,1332,9084,,3385,,,3385,,,,,,,,,,3380,,,3380,,,,,,,
2611,1377,,3387,4764,,1531,,,1531,,,,,,,,,,1531,,,1531,,,,,,,
2612,700,5147,,5847,,5147,,,5147,,,,,,,,,,,,,,,,,,,,
2613,1437,9593,5297,16327,,1881,,9569,11450,,,,,,,,,,10654,,,10654,,,,,,,
2614,2874,3803,1769,8446,,,,3222,3222,,,,,,,,,,3222,,,3222,,,,,,,
2615,4501,8208,,12709,,581,,9254,9835,,,,,,,,,,9835,,,9835,,,,,,,
2616,1526,5019,,6545,,42,1364,3655,5061,,,,,,,,,,5061,,,5061,,,,,,,
2617,7435,,6609,14044,,,,,,,,,,,,,,,,,,,,,,,,,
2618,2189,5542,3910,11641,,1286,3039,,4325,,,,,,,,,,4325,,,4325,,,,,,,
2619,3581,,,3581,,,,,,,,,,,,,,,,,,,,,,,,,
2620,8179,,,8179,,386,,,386,,,,,,,,,,,,,,,,,,,,
2621,5658,10122,,15781,,1124,10122,,11246,,,,,,,,,,10122,,,10122,,,,,,,
2622,3803,6113,,9916,,16,6097,,6113,,,,,,,,,,6097,,,6097,,,,,,,
2623,3454,2251,1949,7655,,2887,,,2887,,,,,,,,,,,,,,,,,,,,
2624,13590,11316,776,25682,,6783,,14129,20913,,,,,16815,,,16815,,7259,,14129,21389,,,,,,,
2625,8619,1272,4732,14622,,1468,,5982,7451,,,,,7451,,,7451,,3472,,4686,8158,,,,,,,
2626,12994,,,12994,,6743,,5216,11959,,,,,10233,,,10233,,7443,,5216,12660,,,,,,,
2627,15749,,,15749,,926,18,5730,6674,,,,,5827,,,5827,,943,,5730,6674,,,,,,,
2628,13107,,1822,14929,,,,5555,5555,,,,,5743,,,5743,,1898,,5743,7641,,,,,,,
2629,21122,,181,21303,,1816,,4037,5852,,,,,4649,,,4649,,1715,16,4122,5852,,,,,,,
2630,2895,,1075,3970,,,,,,,,,,,,,,,,,,,,,,,,,
2631,2085,,4216,6300,,,,,,,,,,,,,,,,,,,,,,,,,
2632,2311,,3863,6173,,,,,,,,,,,,,,,,,,,,,,,,,
2633,2149,19,3205,5372,,,,,,,,,,,,,,,,,,,,,,,,,
2634,3880,,3338,7218,,,,,,,,,,,,,,,,,,,,,,,,,
2635,2752,6459,2676,11886,,,,4587,4587,,,,,4587,,,4587,,2726,,1861,4587,,,,,,,
2636,1696,4420,,6116,,162,,4420,4582,,,,,4420,,,4420,,162,,4420,4582,,,,,,,
2637,1528,6054,,7582,,644,,6054,6699,,,,,6054,,,6054,,644,,6054,6699,,,,,,,
2638,1763,,3372,5136,,,,,,,,,,,,,,,,,,,,,,,,,
2639,,,6004,6004,,,,,,,,,,,,,,,,,,,,,,,,,
2640,2607,1169,2611,6388,,,,,,,,,,,,,,,,,,,,,,,,,
2641,4105,4032,651,8787,,,,,,,,,,,,,,,,,,,,,,,,,
2642,,3455,2090,5545,,,,,,,,,,,,,,,4153,,,4153,,,,,,,
2643,3112,2474,4080,9665,,1111,,,1111,,,,,1111,,,1111,,48,,2516,2564,,,,,,,
2644,1809,1595,5417,8820,,15,,1115,1129,,,,,15,,,15,,15,,1861,1876,,,,,,,
2645,3350,4640,,7990,,1006,,4640,5646,,,,,4640,,,4640,,711,,2251,2962,,,,,,,
2646,3641,2239,,5880,,,,2328,2328,,,,,2328,,,2328,,,,2328,2328,,,,,,,
2647,7062,,,7062,,1303,,1385,2688,,,,,2688,,,2688,,,,1385,1385,,,,,,,
2648,4666,,,4666,,,4011,,4011,,,,,4011,,,4011,,1710,,,1710,,,,,,,
2649,5519,2394,1209,9122,,,2394,,2394,,,,,,,,,,2394,,,2394,,,,,,,
2650,423,8972,,9395,,992,8002,,8993,,,,,,,,,,8972,,,8972,,,,,,,
2651,4893,1851,,6744,,4072,,,4072,,,,,,,,,,1631,,,1631,,,,,,,
2652,101,3659,,3760,,732,2927,,3659,,,,,109,,,109,,3659,,,3659,,,,,,,
2653,3698,2229,,5927,,3229,,,3229,,,,,1427,,844,2271,,3229,,,3229,,,,,,,
2654,5602,3543,,9145,,7545,,,7545,,,,,,,4502,4502,,7545,,,7545,,,,,,,
2655,6461,754,1931,9146,,1376,,,1376,,,,,,,,,,1376,,,1376,,,,,,,
2656,4144,,,4144,,,,,,,,,,,,,,,,,,,,,,,,,
2657,7881,,,7881,,,,,,,,,,,,,,,,,,,,,,,,,
2658,,3931,,3931,,3931,,,3931,,,,,,,4113,4113,,789,3142,,3931,,,,,,,
2659,,281,,281,,281,,,281,,,,,281,,,281,,,,,,,,,,,,
2660,2165,5257,857,8279,,3186,,3846,7032,,,,,7032,,,7032,,,2595,,2595,,,,,,,
2661,9187,,,9187,,2978,,,2978,,,,,2978,,,2978,,5399,,,5399,,,,,,,
2662,3912,,,3912,,3912,,,3912,,,,,3912,,,3912,,3912,,,3912,,,,,,,
2663,4427,1800,6624,12851,,8776,,,8776,,,,,8776,,,8776,,4433,4343,,8776,,,,,,,
2664,3077,3720,4760,11557,,6,,2246,2252,,,,,2252,,,2252,,,2252,,2252,,,,,,,
2665,67,3664,,3731,,,,3722,3722,,,,,3722,,,3722,,,3722,,3722,,,,,,,
2666,4140,,,4140,,,,,,,,,,,,,,,,,,,,,,,,,
2667,11425,,,11425,,,,,,,,,,,,,,,,,,,,,,,,,
2668,2351,2122,4009,8482,,,,,,,,,,,,,,,,,,,,,,,,,
2669,1056,7435,,8491,,2086,,,2086,,,,,,,2086,2086,,,2086,,2086,,,,,,,
2670,1693,3412,2285,7391,,,3240,,3240,,,,,3240,,,3240,,,,,,,,,,,,
2671,2424,2792,372,5588,,107,2715,,2822,,,,,2715,,,2715,,1764,,2153,3917,,,,,,,
2672,2623,5206,,7828,,,1359,3846,5206,,,,,5206,,,5206,,,,5206,5206,,,,,,,
2673,9506,3607,1579,14692,,,,3607,3607,,,,,3607,,,3607,,3607,,,3607,,,,,,,
2674,1204,,4746,5951,,,,,,,,,,,,,,,926,,,926,,,,,,,
2675,,5500,1105,6606,,1330,,4170,5500,,,,,5500,,,5500,,6606,,,6606,,,,,,,
2676,,3103,,3103,,3103,,,3103,,,,,23,,3080,3103,,23,3080,,3103,,,,,,,
2677,4938,2786,,7724,,2786,,,2786,,,,,409,,2377,2786,,,2786,,2786,,,,,,,
2682,774,3510,,4284,,4236,,,4236,,,,,4236,,,4236,,726,3510,,4236,,,,,,,
2683,,,,,,,,,,,,,,,,,,,278,,2675,2953,,,,,,,
2684,,4707,1753,6461,,2647,,2919,5565,,,,,5565,,,5565,,2646,,4427,7073,,,,,,,
2685,5260,6692,3169,15121,,223,,2601,2824,,,,,2795,,,2795,,,,,,,,,,,,
2686,4695,6358,1750,12802,,4755,,,4755,,,,,4559,,,4559,,1527,,,1527,,,,,,,
2687,11545,3287,,14832,,11198,,,11198,,,,,7718,,,7718,,7911,3287,,11198,,,,,,,
2688,3724,,,3724,,2295,,,2295,,,,,2066,,,2066,,2295,,,2295,,,,,,,
2689,1379,,,1379,,,,,,,,,,,,,,,2,,,2,,,,,,,
2690,9881,,,9881,,5929,,,5929,,,,,5929,,,5929,,5929,,,5929,,,,,,,
2691,87,3118,,3204,,3204,,,3204,,,,,3118,,,3118,,739,3118,,3856,,,,,,,
2692,7748,,,7748,,5571,,,5571,,,,,3121,,,3121,,5571,,,5571,,,,,,,
2693,1420,,,1420,,,,,,,,,,,,,,,,,,,,,,,,,
2694,1763,,,1763,,,,,,,,,,,,,,,1763,,,1763,,,,,,,
2695,13,4893,,4907,,,,4893,4893,,,,,4893,,,4893,,4762,,145,4907,,,,,,,
2696,12,2451,2550,5013,,,,,,,,,,,,,,,1384,,3258,4641,,,,,,,
2697,4878,,1578,6455,,,,,,,,,,,,,,,,,,,,,,,,,
2702,27966,4587,,32553,,32553,,,32553,,,,,31108,,,31108,,19949,12604,,32553,,,,,,,
2704,,,1904,1904,,,,,,,,,,,,,,,,,,,,,,,,,
2705,2198,2546,1232,5976,,2086,,,2086,,,,,,,,,,,,,,,,,,,,
2706,1413,403,8566,10382,,5131,,,5131,,,,,,,,,,,,,,,,,,,,
2707,2184,,,2184,,,,,,,,,,,,,,,,,,,,,,,,,
2708,681,,,681,,,,,,,,,,,,,,,,,,,,,,,,,
2710,180,,,180,,,,,,,,,,,,,,,,,,,,,,,,,
2718,262,,,262,,,,4,4,,,,,4,,,4,,4,,,4,,,,,,,
2726,2167,,7458,9625,,,,4116,4116,,,,,,,,,,,,,,,,,,,,
2727,,,6377,6377,,,,6716,6716,,,,,,,,,,,,,,,,,,,,
2728,6845,,,6845,,6845,,,6845,,,,,,,,,,,,,,,,,,,,
2747,,,8051,8051,,,,,,,,,,,,,,,,,,,,,,,,,
2749,16,,,16,,16,,,16,,,,,,,,,,,,,,,,,,,,
2752,273,,7732,8005,,,,7292,7292,,,,,,,,,,,,,,,,,,,,
2753,2875,1621,5141,9636,,2559,,936,3495,,,,,,,,,,,,,,,,,,,,
2754,1273,1127,8481,10882,,,,7562,7562,,,,,,,,,,,,,,,,,,,,
2755,1563,,10640,12202,,118,,5477,5595,,,,,,,,,,,,,,,,,,,,
2756,9117,,,9117,,9117,,,9117,,,,,,,,,,,,,,,,,,,,
2757,280,,3686,3966,,3198,,,3198,,,,,,,,,,,,,,,,,,,,
2758,187,3190,911,4289,,570,,3190,3761,,,,,,,,,,,,,,,,,,,,
2759,412,2094,,2506,,445,,2060,2506,,,,,,,,,,,,,,,,,,,,
2760,895,22,6693,7610,,2850,,1634,4484,,,,,,,,,,,,,,,,,,,,
2761,,,3234,3234,,3234,,,3234,,,,,,,,,,,,,,,,,,,,
2762,2777,,3963,6739,,6675,,,6675,,,,,,,,,,,,,,,,,,,,
2763,209,,1808,2017,,5147,,,5147,,,,,,,,,,,,,,,,,,,,
2764,981,2531,65,3578,,1016,1871,,2887,,,,,,,,,,,,,,,,,,,,
2765,,,1224,1224,,,,,,,,,,,,,,,,,,,,,,,,,
2766,3394,848,17425,21667,,6040,,6503,12543,,,,,,,,,,,,,,,,,,,,
2767,1415,,10341,11756,,1849,,6432,8280,,,,,,,,,,,,,,,,,,,,
2768,609,4160,6605,11373,,174,,6108,6281,,,,,,,,,,,,,,,,,,,,
2769,89,369,7912,8370,,89,,7368,7458,,,,,,,,,,,,,,,,,,,,
2770,640,,4291,4931,,465,,3759,4223,,,,,,,,,,,,,,,,,,,,
2771,,,2542,2542,,,,,,,,,,,,,,,,,,,,,,,,,
2772,1411,,5618,7030,,452,,5295,5747,,,,,,,,,,,,,,,,,,,,
2773,343,226,6690,7258,,2654,458,4146,7258,,,,,,,,,,,,,,,,,,,,
2774,1295,613,6323,8230,,,,,,,,,,,,,,,,,,,,,,,,,
2775,2107,,5531,7638,,,,4274,4274,,,,,,,,,,,,,,,,,,,,
2776,366,938,1175,2479,,1221,,,1221,,,,,,,,,,,,,,,,,,,,
2778,,,3343,3343,,2062,,,2062,,,,,,,,,,,,,,,,,,,,
2779,2541,2152,2504,7197,,2805,799,,3604,,,,,,,,,,,,,,,,,,,,
2780,,703,3861,4564,,,,,,,,,,,,,,,,,,,,,,,,,
2781,1007,125,2845,3977,,,,,,,,,,,,,,,,,,,,,,,,,
2782,4940,1295,828,7063,,26,,2201,2227,,,,,,,,,,,,,,,,,,,,
2783,1954,5437,3929,11320,,652,,4834,5486,,,,,,,,,,,,,,,,,,,,
2784,220,6146,,6366,,,,4338,4338,,,,,,,,,,,,,,,,,,,,
2785,537,2905,8877,12318,,2189,,7265,9454,,,,,,,,,,,,,,,,,,,,
2786,497,6095,1115,7708,,30,,6102,6133,,,,,,,,,,,,,,,,,,,,
2787,2363,5800,,8163,,1180,,4298,5478,,,,,,,,,,,,,,,,,,,,
2788,,4640,2338,6978,,,,3445,3445,,,,,,,,,,,,,,,,,,,,
2789,548,,3396,3944,,902,,1728,2630,,,,,,,,,,,,,,,,,,,,
2790,4919,,271,5189,,,,,,,,,,,,,,,,,,,,,,,,,
2791,2990,,9122,12112,,863,,6051,6915,,,,,,,,,,,,,,,,,,,,
2792,,,1718,1718,,,,,,,,,,,,,,,,,,,,,,,,,
2793,,,3137,3137,,,,3120,3120,,,,,,,,,,,,,,,,,,,,
2794,,2101,4426,6528,,,,6528,6528,,,,,,,,,,,,,,,,,,,,
2795,,2772,,2772,,,,2772,2772,,,,,,,,,,,,,,,,,,,,
2796,1645,,1572,3217,,1179,,214,1393,,,,,,,,,,,,,,,,,,,,
2797,3716,,3583,7299,,,,3583,3583,,,,,,,,,,,,,,,,,,,,
2798,2025,775,7072,9872,,,,7043,7043,,,,,,,,,,,,,,,,,,,,
2799,606,,2581,3187,,,,,,,,,,,,,,,,,,,,,,,,,
2800,1459,,3781,5239,,915,308,1926,3148,,,,,,,,,,,,,,,,,,,,
2801,807,,4833,5641,,4310,,1315,5624,,,,,,,,,,,,,,,,,,,,
2802,11,,8241,8251,,17,,8224,8241,,,,,,,,,,,,,,,,,,,,
2803,600,6377,1742,8719,,541,559,5825,6926,,,,,,,,,,,,,,,,,,,,
2805,282,,,282,,,,,,,,,,,,,,,,,,,,,,,,,
2807,,2485,,2485,,,,,,,,,,,,,,,,,,,,,,,,,
2808,,,914,914,,,,,,,,,,,,,,,,,,,,,,,,,
2809,,2567,,2567,,,,,,,,,,,,,,,,,,,,,,,,,
2810,139,,,139,,,,,,,,,,,,,,,,,,,,,,,,,
2811,518,,,518,,,,,,,,,,,,,,,,,,,,,,,,,
2812,1158,,,1158,,,,,,,,,,,,,,,,,,,,,,,,,
2813,,709,,709,,,,,,,,,,,,,,,,,,,,,,,,,
2814,,585,,585,,585,,,585,,,,,,,,,,,,,,,,,,,,
2816,4295,,,4295,,4295,,,4295,,,,,,,,,,,,,,,,,,,,
2823,,9,,9,,9,,,9,,,,,,,,,,,,,,,,,,,,
2824,,24,,24,,,,,,,,,,,,,,,,,,,,,,,,,
2827,9,,,9,,,,,,,,,,,,,,,,,,,,,,,,,
2830,,18,,18,,,,,,,,,,,,,,,,,,,,,,,,,
2833,,25,,25,,,,,,,,,,,,,,,,,,,,,,,,,
2835,5,,,5,,,,5,5,,,,,,,,,,,,,,,,,,,,
2838,235,2430,,2665,,,,,,,,,,,,,,,,,,,,,,,,,
2839,3,733,,736,,,,,,,,,,,,,,,,,,,,,,,,,
2844,7,,,7,,7,,,7,,,,,,,,,,,,,,,,,,,,
2845,422,1093,,1515,,,,,,,,,,,,,,,,,,,,,,,,,
2846,16,,,16,,16,,,16,,,,,,,,,,,,,,,,,,,,
2847,12,,1,13,,13,,,13,,,,,,,,,,,,,,,,,,,,
2849,571,,342,913,,11,665,237,913,,,,,,,,,,,,,,,,,,,,
2850,1,5,,6,,1,5,,6,,,,,,,,,,,,,,,,,,,,
2852,,324,2340,2665,,,1541,1124,2665,,,,,,,,,,,,,,,,,,,,
2853,,478,2648,3126,,762,,,762,,,,,,,,,,,,,,,,,,,,
2854,,1354,,1354,,,,,,,,,,,,,,,,,,,,,,,,,
2855,259,739,4733,5731,,1751,,2512,4263,,,,,,,,,,,,,,,,,,,,
2856,570,273,3405,4247,,,,,,,,,,,,,,,,,,,,,,,,,
2859,758,3061,295,4114,,907,,2099,3006,,,,,,,,,,,,,,,,,,,,
2860,,243,3039,3283,,2813,,,2813,,,,,,,,,,,,,,,,,,,,
2861,1332,,,1332,,765,,,765,,,,,,,,,,,,,,,,,,,,
2869,0,,,0,,0,,,0,,,,,,,,,,,,,,,,,,,,
2870,,,,,,517,,,517,,,,,,,,,,,,,,,,,,,,
2872,282,,,282,,,,,,,,,,,,,,,,,,,,,,,,,
2873,268,,,268,,,,,,,,,,,,,,,,,,,,,,,,,
2874,442,8,,450,,9,,,9,,,,,,,,,,,,,,,,,,,,
2875,442,952,,1394,,1394,,,1394,,,,,,,,,,,,,,,,,,,,
2876,488,2915,1763,5166,,,,,,,,,,,,,,,,,,,,,,,,,
2877,2423,,,2423,,160,,,160,,,,,,,,,,,,,,,,,,,,
2879,1297,61,520,1879,,196,,,196,,,,,,,,,,,,,,,,,,,,
2880,11,444,,455,,,,,,,,,,,,,,,,,,,,,,,,,
2881,,2351,,2351,,,,,,,,,,,,,,,,,,,,,,,,,
2882,1,,1442,1443,,,,,,,,,,,,,,,,,,,,,,,,,
2884,,,3009,3009,,2874,,3009,5883,,,,,,,,,,3009,,,3009,,,,,,,
2885,,,,,,60,,,60,,,,,,,,,,,,,,,,,,,,
2886,,,,,,,,,,,,,,,,,,,67,,,67,,,,,,,
2889,44,,,44,,44,,,44,,,,,,,,,,,,,,,,,,,,
2891,,,,,,95,,,95,,,,,,,,,,,,,,,,,,,,
2893,796,,,796,,796,,,796,,,,,,,,,,,,,,,,,,,,
2894,443,,,443,,443,,,443,,,,,,,,,,,,,,,,,,,,
2895,194,,,194,,194,,,194,,,,,,,,,,,,,,,,,,,,
2902,7984,,11354,19338,,2125,,1190,3315,,,,,,,,,,4032,1778,2671,8482,,,,,,,
2903,3816,112,7117,11046,,2,,6413,6415,,,,,,,,,,,2,7025,7026,,,,,,,
2904,353,,9381,9734,,,,9371,9371,,,,,,,,,,,,9381,9381,,,,,,,
2905,42,,,42,,42,,,42,,,,,,,,,,,,,,,,,,,,
2906,173,,,173,,1184,,,1184,,,,,,,,,,,,,,,,,,,,
2909,202,,,202,,,,,,,,,,,,,,,16,,,16,,,,,,,
2910,883,,2219,3102,,214,,2217,2431,,,,,,,,,,,,,,,,,,,,
2911,1631,,13656,15287,,153,,13656,13810,,,,,,,,,,8573,,,8573,,,,,,,
2912,331,,,331,,,,,,,,,,,,,,,,,,,,,,,,,
2915,1161,,11567,12728,,635,,11567,12202,,,,,,,,,,1394,,10372,11766,,,,,,,
2916,4343,3268,8575,16185,,18,,,18,,,,,,,,,,,,,,,,,,,,
2917,17169,,2612,19781,,,,,,,,,,,,,,,,,,,,,,,,,
2918,696,,7149,7844,,7844,,,7844,,,,,,,,,,104,,,104,,,,,,,
2919,1691,3255,,4946,,3503,,,3503,,,,,,,,,,,,,,,,,,,,
2920,7631,,,7631,,1096,,,1096,,,,,,,,,,,,,,,,,,,,
2922,3590,3029,,6619,,6700,,,6700,,,,,,,,,,7,,,7,,,,,,,
2923,1570,,,1570,,1570,,,1570,,,,,,,,,,1570,,,1570,,,,,,,
2924,,9677,,9677,,30,9647,,9677,,,,,,,,,,9647,,,9647,,,,,,,
2925,,4490,,4490,,2,4488,,4490,,,,,,,,,,4490,,,4490,,,,,,,
2926,2404,3258,,5662,,3238,,,3238,,,,,,,,,,,,,,,,,,,,
2927,1242,882,,2124,,,,,,,,,,,,,,,,,,,,,,,,,
2928,682,,,682,,,,,,,,,,,,,,,,,,,,,,,,,
2929,1117,6098,,7214,,266,6098,,6363,,,,,,,,,,6363,,,6363,,,,,,,
2930,6041,1368,2795,10204,,,,,,,,,,,,,,,,,,,,,,,,,
2931,3698,0,,3698,,,,,,,,,,,,,,,,,,,,,,,,,
2932,5215,,,5215,,,,,,,,,,,,,,,,,,,,,,,,,
2933,,3010,,3010,,2977,34,,3010,,,,,,,,,,398,,,398,,,,,,,
2934,967,4743,1931,7642,,4959,,,4959,,,,,,,,,,,,,,,,,,,,
2935,816,4855,,5670,,,1673,3182,4855,,,,,,,,,,4855,,,4855,,,,,,,
2936,4562,2985,966,8513,,185,9,,193,,,,,,,,,,458,,,458,,,,,,,
2937,4923,3232,1958,10113,,,,,,,,,,,,,,,,,,,,,,,,,
2938,,,2499,2499,,22,,2377,2399,,,,,,,,,,2380,,,2380,,,,,,,
2939,257,,1247,1505,,,,,,,,,,,,,,,,,,,,,,,,,
2940,2850,958,7583,11391,,2112,,3658,5770,,,,,,,,,,5570,,4616,10186,,,,,,,
2941,,,5095,5095,,568,,,568,,,,,,,,,,,,,,,,,,,,
2942,1508,,5841,7349,,2791,,,2791,,,,,,,,,,2790,,,2790,,,,,,,
2943,2085,5791,,7876,,,,,,,,,,,,,,,,,,,,,,,,,
2944,,56,,56,,,,,,,,,,,,,,,,,,,,,,,,,
2945,176,2502,8171,10848,,3420,,2583,6003,,,,,,,,,,,,,,,,,,,,
2946,291,,6871,7162,,167,,6959,7126,,,,,,,,,,310,,6852,7162,,,,,,,
2947,1457,1579,4858,7893,,315,,4858,5173,,,,,,,,,,3124,,4858,7982,,,,,,,
2948,447,4837,3790,9074,,,,8613,8613,,,,,,,,,,2651,,5962,8613,,,,,,,
2949,2231,7284,,9515,,462,,6834,7297,,,,,,,,,,4402,,2859,7261,,,,,,,
2950,615,5936,,6551,,,5936,,5936,,,,,,,,,,5918,19,,5936,,,,,,,
2951,1709,1908,,3617,,733,1909,,2642,,,,,,,,,,32,2642,,2674,,,,,,,
2952,4943,,,4943,,3020,,,3020,,,,,,,,,,3014,6,,3020,,,,,,,
2953,869,,,869,,,,,,,,,,,,,,,,,,,,,,,,,
2955,75,,1709,1784,,,,,,,,,,,,,,,,,,,,,,,,,
2957,554,,,554,,,,,,,,,,,,,,,620,,,620,,,,,,,
2961,7167,,,7167,,2843,,,2843,,,,,,,,,,1949,,,1949,,,,,,,
2962,1925,,,1925,,,,,,,,,,,,,,,,,,,,,,,,,
2963,233,,,233,,,,,,,,,,,,,,,,,,,,,,,,,
2965,26,,,26,,,,,,,,,,,,,,,26,,,26,,,,,,,
2966,186,,,186,,,,,,,,,,,,,,,,,,,,,,,,,
2970,928,,,928,,,,,,,,,,,,,,,,,,,,,,,,,
2974,750,,,750,,,,,,,,,,,,,,,,,,,,,,,,,