"ID","conservation.action","Coho_Habitat_m","coho.rank","Chin_Habitat_m","chin.rank","nsp","nsp.rank"
6,"preservation",1869,357,NA,NA,1,459
13,"preservation",125,439,125,187,3,112
15,"preservation",26775,2,22465,2,3,28
19,"preservation",2170,302,2177,128,3,76
25,"preservation",13916,22,10367,14,3,60
26,"restoration",16908,25,14065,12,3,40
27,"preservation",5818,161,7485,39,3,90
31,"preservation",1187,341,1184,150,2,235
34,"preservation",8944,76,6658,48,3,48
35,"preservation",7219,117,7270,40,3,23
37,"preservation",1419,330,1301,146,2,214
38,"preservation",6606,123,5117,74,2,136
39,"restoration",4582,418,4172,194,3,6
40,"preservation",5023,189,4543,81,3,47
43,"preservation",1438,328,5544,67,3,36
44,"preservation",11185,43,8908,24,3,53
45,"preservation",785,360,2540,118,3,46
46,"preservation",6456,130,5441,70,3,73
47,"preservation",2214,296,1421,140,3,9
49,"restoration",9656,155,1023,369,3,136
50,"preservation",5167,180,4865,77,3,25
51,"preservation",9806,59,7661,35,3,26
52,"preservation",2815,276,1287,145,3,57
58,"restoration",12968,64,2412,277,3,37
61,"preservation",305,444,302,193,2,333
62,"preservation",6617,138,6551,55,2,310
63,"preservation",14918,18,13801,4,3,87
64,"preservation",8028,100,7205,44,3,105
65,"preservation",10737,50,6816,47,3,92
67,"preservation",5290,181,3512,96,2,252
68,"restoration",17416,23,8801,64,3,28
70,"preservation",5309,183,265,169,3,96
71,"preservation",11968,34,5698,65,3,32
72,"preservation",8894,78,6213,56,3,51
73,"restoration",7750,218,4667,172,3,26
74,"restoration",13460,59,12487,21,3,27
75,"restoration",10502,128,7061,93,3,88
76,"restoration",9310,159,NA,NA,2,322
77,"restoration",17490,22,NA,NA,2,338
78,"restoration",8221,191,6032,120,3,46
80,"preservation",807,430,NA,NA,1,457
81,"preservation",10648,62,NA,NA,1,452
82,"preservation",7133,125,4436,87,2,318
83,"preservation",624,442,12,195,2,335
86,"restoration",13355,65,12809,22,3,187
87,"restoration",3931,529,NA,NA,1,887
88,"restoration",6423,301,NA,NA,1,770
89,"restoration",3457,558,NA,NA,1,879
91,"restoration",11204,150,21,467,3,572
92,"restoration",4879,429,8,444,3,249
93,"restoration",3484,545,NA,NA,1,865
94,"restoration",6204,324,4213,203,3,181
95,"restoration",14485,46,14485,11,3,137
96,"restoration",15578,41,15273,10,3,166
97,"restoration",6648,319,3274,259,3,310
98,"restoration",4561,450,4148,217,3,246
99,"restoration",8121,223,NA,NA,1,824
100,"restoration",8694,230,6942,119,3,494
101,"restoration",4927,478,2873,316,3,585
102,"restoration",13762,85,13185,30,3,565
103,"restoration",7324,280,7324,107,3,384
104,"restoration",4789,462,NA,NA,1,893
105,"restoration",6171,320,2846,263,3,135
106,"restoration",11422,117,10705,46,3,226
107,"restoration",3414,499,NA,NA,1,744
108,"restoration",2867,561,2375,300,3,213
109,"restoration",7501,255,22,439,3,220
110,"restoration",9561,165,5934,131,3,186
111,"restoration",1749,673,NA,NA,1,828
112,"restoration",8032,229,3845,225,3,224
113,"restoration",8566,241,3264,276,3,516
114,"restoration",1325,687,NA,NA,1,753
115,"restoration",5497,364,NA,NA,2,417
116,"restoration",3762,481,31,430,3,182
117,"restoration",5378,355,4146,198,3,44
118,"restoration",6880,272,5066,161,3,105
119,"restoration",13680,56,10040,49,3,82
120,"restoration",9361,160,3962,205,3,78
121,"restoration",6496,330,2535,298,3,314
122,"restoration",1904,701,NA,NA,1,872
123,"restoration",5686,379,NA,NA,1,835
125,"restoration",7608,250,NA,NA,1,814
126,"restoration",7647,271,NA,NA,1,862
127,"restoration",2902,552,NA,NA,2,458
129,"restoration",2706,555,NA,NA,1,755
130,"restoration",6650,313,NA,NA,1,833
131,"restoration",2194,644,NA,NA,1,850
132,"restoration",3092,566,NA,NA,1,852
133,"restoration",6227,326,NA,NA,2,456
134,"restoration",5867,342,NA,NA,1,788
135,"restoration",3420,503,NA,NA,1,757
136,"restoration",4379,442,NA,NA,1,786
137,"restoration",10140,152,5560,154,3,241
138,"restoration",6846,290,NA,NA,1,820
139,"restoration",10897,141,10628,52,3,435
140,"restoration",6424,328,17,442,3,242
142,"restoration",4976,415,NA,NA,1,803
143,"restoration",11391,136,10502,55,3,490
144,"restoration",8640,219,8640,77,3,426
145,"restoration",2506,623,162,446,3,411
146,"restoration",5223,413,NA,NA,2,522
147,"restoration",6069,384,NA,NA,2,614
148,"restoration",3650,492,NA,NA,1,796
149,"restoration",3581,477,915,372,2,361
150,"restoration",1464,730,280,436,2,575
151,"restoration",688,834,NA,NA,2,583
152,"restoration",13128,96,11935,42,3,578
153,"restoration",1842,711,2056,347,3,454
154,"restoration",2991,688,2995,333,3,656
155,"restoration",2360,656,NA,NA,2,617
156,"restoration",2457,732,NA,NA,2,721
157,"restoration",3485,516,NA,NA,2,512
158,"preservation",945,352,NA,NA,2,193
159,"restoration",15584,32,1762,320,3,54
160,"restoration",3368,494,973,366,3,60
161,"restoration",1981,602,NA,NA,1,702
162,"restoration",9848,146,NA,NA,1,737
163,"restoration",12085,93,915,384,3,185
165,"restoration",2798,583,NA,NA,1,840
166,"restoration",3503,536,NA,NA,1,858
167,"restoration",10141,139,10924,41,3,154
168,"restoration",3041,551,NA,NA,1,827
170,"restoration",420,913,NA,NA,1,920
196,"restoration",9724,149,6216,116,3,108
197,"restoration",1961,609,289,399,3,63
198,"restoration",2540,575,NA,NA,1,780
208,"preservation",62,412,62,173,3,17
209,"restoration",1439,774,NA,NA,1,901
212,"restoration",15,938,15,468,3,590
216,"restoration",7,874,NA,NA,2,473
223,"restoration",9,828,NA,NA,2,326
264,"preservation",246,403,NA,NA,1,381
266,"preservation",9774,61,7851,32,2,185
267,"preservation",8466,83,8196,29,2,148
269,"preservation",1716,320,NA,NA,1,418
270,"preservation",5573,170,NA,NA,1,421
271,"preservation",10962,47,9374,21,2,225
272,"preservation",7548,113,3586,94,2,236
273,"preservation",15500,14,12099,9,2,239
274,"preservation",7901,99,NA,NA,1,384
275,"preservation",2353,298,NA,NA,1,408
276,"preservation",3864,233,NA,NA,1,376
277,"preservation",1611,329,1615,141,2,294
278,"preservation",33,427,33,181,2,230
282,"preservation",117,437,NA,NA,1,435
283,"preservation",5872,155,2726,111,2,227
287,"preservation",5407,169,2486,119,2,198
289,"preservation",27,426,NA,NA,1,390
290,"preservation",4163,225,NA,NA,1,403
291,"preservation",4566,213,NA,NA,1,410
292,"preservation",210,413,NA,NA,1,419
295,"preservation",382,392,NA,NA,2,191
296,"preservation",36592,1,36592,1,2,269
299,"preservation",7639,109,NA,NA,1,388
302,"preservation",12659,28,6174,61,2,190
303,"preservation",5323,172,5128,75,2,207
306,"preservation",6089,150,9313,23,2,280
308,"preservation",7767,106,7321,41,2,249
309,"preservation",2845,274,2428,121,2,202
310,"preservation",3048,272,18,185,2,279
312,"preservation",3544,243,398,163,2,204
313,"restoration",8442,183,3364,229,3,25
318,"preservation",4014,227,NA,NA,1,377
319,"preservation",21089,4,20397,3,2,217
325,"preservation",680,368,121,171,2,208
326,"preservation",6131,140,NA,NA,2,161
327,"preservation",11435,39,1648,136,2,165
328,"restoration",17102,24,16524,9,2,267
329,"preservation",13709,23,12044,8,2,146
330,"preservation",11444,37,9921,16,2,130
332,"preservation",11863,35,11656,10,3,27
333,"preservation",9547,65,4928,76,2,182
337,"preservation",13,431,8945,26,2,251
338,"preservation",3442,252,2864,108,2,244
339,"preservation",7853,103,6323,54,2,248
341,"preservation",331,438,NA,NA,1,445
342,"preservation",5863,162,2656,116,2,264
347,"restoration",10594,125,7755,80,3,93
349,"restoration",4247,435,2255,288,2,344
352,"restoration",10842,122,3346,238,3,165
354,"restoration",876,895,NA,NA,1,928
355,"restoration",7132,273,7132,103,3,195
356,"restoration",5238,467,2013,371,3,611
357,"restoration",2284,755,3,473,3,657
358,"restoration",8305,251,8305,86,3,491
359,"restoration",3071,604,21,459,3,528
360,"restoration",92,910,NA,NA,1,883
361,"restoration",522,906,NA,NA,1,921
362,"restoration",2401,700,2401,349,3,587
363,"restoration",6318,387,4964,204,3,545
364,"restoration",1134,845,1134,405,3,579
365,"restoration",4099,526,2449,330,3,535
367,"restoration",925,843,520,437,3,514
369,"restoration",3906,527,218,449,3,484
370,"restoration",3374,597,118,462,3,581
371,"restoration",3348,606,3348,287,3,594
372,"restoration",2134,716,2134,357,3,564
373,"restoration",703,892,NA,NA,2,658
374,"restoration",14247,77,14221,19,3,573
375,"restoration",5154,471,5715,182,3,612
376,"restoration",4316,511,4316,232,3,553
379,"restoration",5779,346,289,408,3,156
380,"restoration",8137,210,7139,96,3,147
381,"restoration",10910,130,9905,56,3,237
382,"restoration",8794,178,6922,104,3,121
383,"restoration",5663,386,NA,NA,2,541
384,"restoration",3434,553,3416,262,3,442
385,"restoration",12665,74,10271,47,3,79
386,"restoration",11850,104,10844,45,3,290
387,"restoration",5854,340,4060,209,3,160
388,"restoration",6501,332,6501,123,3,363
389,"restoration",12260,89,11545,35,3,201
390,"restoration",6757,322,6757,117,3,412
391,"restoration",2849,704,NA,NA,1,945
392,"restoration",7315,291,4080,228,3,433
394,"restoration",4518,483,13,458,3,501
395,"restoration",3340,542,3340,256,3,352
397,"restoration",14166,55,4995,171,3,203
398,"restoration",11996,90,14024,14,3,140
399,"restoration",17047,30,13582,18,3,406
400,"restoration",5618,444,NA,NA,2,674
401,"restoration",348,939,NA,NA,1,938
408,"restoration",299,931,NA,NA,1,926
409,"restoration",3,918,NA,NA,1,891
411,"restoration",3774,578,NA,NA,2,679
414,"restoration",115,927,115,460,3,561
415,"preservation",1647,314,1000,154,2,122
418,"restoration",11363,101,10544,43,3,106
420,"restoration",8681,179,8681,68,3,113
421,"preservation",636,377,NA,NA,1,402
423,"preservation",6736,124,6728,50,2,271
425,"restoration",2712,543,2089,297,2,303
454,"restoration",6875,268,7673,83,3,81
459,"restoration",5350,356,878,370,2,276
460,"restoration",4706,411,4457,181,3,15
461,"restoration",1438,661,NA,NA,1,718
462,"restoration",18534,19,18534,6,3,67
463,"preservation",1842,307,NA,NA,1,368
466,"restoration",1645,698,1645,354,3,250
467,"restoration",1500,710,1500,362,3,245
471,"restoration",355,875,NA,NA,2,582
472,"preservation",6329,135,6329,52,3,56
473,"restoration",5274,405,4895,177,3,206
474,"restoration",14353,52,NA,NA,2,478
475,"preservation",1264,334,NA,NA,2,127
476,"restoration",3290,580,1944,359,3,515
477,"preservation",5248,173,5248,72,3,7
478,"preservation",6998,120,NA,NA,2,186
479,"restoration",4191,437,4191,195,3,64
480,"preservation",2150,301,NA,NA,2,169
482,"restoration",12402,79,374,396,3,87
483,"restoration",7494,235,NA,NA,2,346
485,"preservation",2244,293,2244,125,3,24
486,"restoration",6170,312,NA,NA,2,372
487,"restoration",12568,80,12039,29,3,150
489,"restoration",1091,706,18,420,3,99
491,"restoration",21609,14,24516,3,3,480
492,"restoration",2565,577,2515,282,3,184
493,"restoration",7106,276,4691,184,3,199
494,"restoration",2921,533,167,409,3,84
497,"restoration",19031,16,17482,8,3,53
501,"preservation",9613,63,2551,114,3,19
502,"restoration",6317,299,NA,NA,1,729
503,"restoration",10481,127,NA,NA,2,315
504,"restoration",2355,571,745,380,3,19
505,"restoration",4586,428,NA,NA,1,779
506,"restoration",13638,63,NA,NA,1,793
508,"restoration",422,812,NA,NA,2,483
526,"restoration",689,820,NA,NA,1,855
527,"restoration",3241,501,NA,NA,2,273
528,"restoration",869,789,3393,254,3,376
529,"restoration",431,953,NA,NA,1,955
531,"restoration",1982,780,NA,NA,2,720
538,"restoration",4174,521,50,461,3,546
539,"restoration",7916,277,NA,NA,2,638
540,"restoration",1329,890,NA,NA,2,768
541,"restoration",1950,829,NA,NA,1,951
543,"restoration",4703,504,NA,NA,1,924
544,"restoration",4725,532,NA,NA,1,941
545,"restoration",18,896,NA,NA,1,844
548,"restoration",6971,381,NA,NA,1,936
549,"restoration",1255,769,NA,NA,1,874
553,"restoration",3013,607,NA,NA,1,897
555,"restoration",2653,608,NA,NA,2,577
559,"restoration",1295,737,NA,NA,1,847
560,"restoration",1968,790,NA,NA,1,943
566,"restoration",478,902,NA,NA,1,912
567,"restoration",4432,488,NA,NA,1,885
572,"restoration",7,883,NA,NA,2,485
584,"restoration",82,916,NA,NA,1,894
586,"restoration",5871,325,NA,NA,1,701
587,"preservation",12836,27,7663,37,2,224
588,"preservation",17999,6,11409,12,2,195
589,"preservation",2417,292,1582,139,2,259
595,"preservation",10686,48,2660,110,3,4
596,"restoration",5913,345,NA,NA,2,465
597,"restoration",2331,595,NA,NA,2,440
598,"restoration",4679,455,NA,NA,2,599
599,"restoration",5694,391,3864,231,3,369
600,"restoration",1793,726,1399,387,3,504
601,"restoration",3984,554,NA,NA,2,672
602,"restoration",14,904,NA,NA,1,867
603,"restoration",3434,614,3418,290,3,618
604,"restoration",2643,686,2643,338,3,610
605,"restoration",2369,572,2369,279,3,50
606,"restoration",3094,659,3094,321,3,648
607,"restoration",4876,403,3333,230,3,4
608,"restoration",2095,664,2092,337,3,414
609,"restoration",3564,560,3680,257,3,518
611,"restoration",3753,548,NA,NA,1,899
612,"restoration",9394,189,6066,150,3,462
613,"restoration",833,842,NA,NA,1,882
614,"restoration",6014,351,7250,106,2,527
615,"restoration",9633,156,1693,332,3,138
617,"restoration",8201,195,8201,73,3,66
618,"restoration",623,747,4880,169,2,371
620,"restoration",4384,426,4384,185,2,305
621,"preservation",4891,196,3517,95,2,172
622,"restoration",1732,648,NA,NA,1,781
623,"restoration",1679,626,NA,NA,1,708
625,"restoration",3657,470,2705,267,2,360
626,"preservation",110,409,NA,NA,1,346
627,"restoration",7293,243,7275,90,2,306
629,"restoration",4357,430,4351,186,2,349
630,"restoration",8967,170,8526,69,2,278
631,"restoration",5006,472,NA,NA,1,916
633,"restoration",3564,562,3564,265,3,525
634,"restoration",758,917,914,447,2,725
635,"restoration",1226,679,1235,352,2,268
636,"restoration",1357,713,NA,NA,2,486
640,"restoration",303,857,NA,NA,2,520
643,"restoration",691,885,NA,NA,1,904
645,"restoration",23,934,23,465,3,568
646,"restoration",137,922,NA,NA,2,652
647,"restoration",504,818,NA,NA,2,523
648,"restoration",146,827,NA,NA,2,404
652,"restoration",1621,640,NA,NA,1,731
653,"restoration",2,836,NA,NA,2,336
655,"restoration",18,863,18,429,3,171
666,"restoration",94,903,94,454,3,459
667,"restoration",438,855,NA,NA,2,552
668,"restoration",16,861,NA,NA,2,432
670,"restoration",858,768,NA,NA,2,506
673,"restoration",7562,225,NA,NA,2,293
676,"preservation",1648,313,NA,NA,2,131
677,"restoration",905,721,NA,NA,2,302
678,"restoration",4576,419,NA,NA,2,333
679,"preservation",6604,126,1072,153,3,80
680,"restoration",5355,372,NA,NA,2,405
682,"restoration",2293,601,NA,NA,2,451
683,"preservation",651,367,NA,NA,2,149
684,"restoration",4205,440,NA,NA,2,365
685,"restoration",3682,466,NA,NA,2,329
686,"preservation",8553,81,NA,NA,2,203
687,"restoration",7591,227,NA,NA,2,350
688,"preservation",2365,309,NA,NA,1,444
689,"preservation",6606,129,NA,NA,2,273
690,"preservation",3640,239,NA,NA,2,234
691,"preservation",7450,114,NA,NA,2,174
692,"restoration",3422,505,NA,NA,2,434
693,"restoration",7369,258,NA,NA,2,467
694,"restoration",7253,264,NA,NA,2,475
695,"restoration",6551,283,6512,110,3,65
696,"restoration",8484,198,2657,280,3,211
698,"preservation",5825,152,NA,NA,1,360
702,"restoration",3359,493,NA,NA,1,715
703,"preservation",1113,340,NA,NA,1,354
704,"preservation",3282,269,NA,NA,1,434
705,"preservation",4726,201,NA,NA,1,344
706,"restoration",2945,540,NA,NA,1,774
707,"restoration",3795,496,2817,273,3,227
708,"restoration",1966,605,NA,NA,1,707
709,"restoration",6151,318,NA,NA,2,395
710,"restoration",5012,407,1240,361,3,134
712,"restoration",3406,485,NA,NA,2,277
713,"restoration",2427,570,NA,NA,2,356
714,"restoration",6465,295,1624,336,3,114
715,"restoration",4245,433,NA,NA,1,711
716,"restoration",5424,352,NA,NA,1,700
717,"restoration",7023,257,2183,295,3,73
718,"restoration",725,739,NA,NA,2,380
719,"restoration",2898,530,NA,NA,2,323
721,"preservation",3146,265,NA,NA,1,386
722,"preservation",3916,228,NA,NA,2,133
723,"preservation",4727,202,NA,NA,2,137
724,"restoration",13869,54,1317,355,3,118
725,"restoration",3249,525,NA,NA,2,447
726,"restoration",979,728,NA,NA,2,415
727,"restoration",1180,699,NA,NA,2,378
729,"restoration",4810,408,NA,NA,2,283
731,"preservation",3866,230,NA,NA,2,162
733,"restoration",4418,463,NA,NA,2,571
734,"restoration",209,832,NA,NA,1,778
735,"restoration",1485,670,NA,NA,2,410
740,"preservation",1018,344,NA,NA,2,118
741,"restoration",248,786,NA,NA,2,288
742,"restoration",827,733,NA,NA,1,743
743,"preservation",474,380,NA,NA,2,135
744,"restoration",3,835,NA,NA,2,335
745,"restoration",3357,500,NA,NA,2,368
746,"restoration",816,740,NA,NA,2,416
751,"restoration",1823,619,NA,NA,2,307
757,"preservation",3110,264,NA,NA,2,194
759,"restoration",802,727,NA,NA,2,300
760,"restoration",2998,514,NA,NA,2,275
761,"restoration",2014,603,NA,NA,2,339
763,"restoration",1610,657,NA,NA,2,418
765,"restoration",1926,616,NA,NA,2,370
771,"restoration",1184,689,NA,NA,2,312
774,"restoration",974,723,NA,NA,2,391
777,"restoration",18,822,NA,NA,2,301
784,"restoration",1,847,1,422,3,104
789,"restoration",597,745,NA,NA,2,347
790,"restoration",169,806,NA,NA,2,359
791,"restoration",17,837,NA,NA,2,355
797,"preservation",935,351,NA,NA,2,151
834,"restoration",1454,655,NA,NA,1,714
835,"restoration",605,753,NA,NA,2,382
838,"restoration",7771,220,NA,NA,1,734
839,"preservation",3669,241,NA,NA,2,262
840,"preservation",5119,197,NA,NA,2,291
841,"restoration",6141,305,NA,NA,1,691
842,"restoration",2702,544,921,367,3,58
843,"preservation",6468,127,NA,NA,2,124
844,"preservation",73,419,72,175,3,66
845,"preservation",4101,223,NA,NA,1,351
846,"restoration",7631,221,NA,NA,1,689
849,"restoration",627,764,NA,NA,1,771
850,"restoration",2941,541,NA,NA,2,427
851,"restoration",2515,567,NA,NA,2,394
852,"restoration",5372,383,NA,NA,2,448
853,"restoration",10669,131,NA,NA,1,806
854,"restoration",3850,469,NA,NA,2,431
855,"restoration",3283,512,919,381,3,163
856,"restoration",42,860,NA,NA,1,790
857,"restoration",3800,490,1040,382,3,215
858,"restoration",2681,627,1017,400,3,500
860,"restoration",2670,588,NA,NA,2,532
861,"restoration",2761,593,NA,NA,1,851
862,"restoration",1704,663,NA,NA,2,471
863,"restoration",5598,390,NA,NA,2,536
864,"restoration",401,821,NA,NA,1,822
865,"restoration",3520,556,NA,NA,2,630
866,"restoration",3476,531,NA,NA,2,543
867,"restoration",2538,652,965,404,3,519
868,"restoration",2757,694,2746,341,3,637
869,"restoration",764,767,NA,NA,2,476
870,"restoration",3379,528,853,391,3,233
871,"restoration",4569,480,NA,NA,2,635
872,"restoration",5295,369,1821,319,3,102
873,"restoration",1300,743,NA,NA,1,860
874,"restoration",3095,632,186,466,3,605
875,"restoration",4439,487,NA,NA,2,631
876,"restoration",8206,204,NA,NA,2,413
877,"restoration",757,831,412,431,3,429
878,"restoration",5949,321,NA,NA,2,317
879,"restoration",7779,216,NA,NA,2,311
880,"restoration",10148,142,NA,NA,2,439
881,"restoration",2629,676,NA,NA,1,919
882,"restoration",4926,401,NA,NA,2,316
883,"restoration",1952,718,654,427,3,521
884,"restoration",5459,360,NA,NA,2,383
886,"restoration",1743,674,NA,NA,2,511
887,"restoration",3903,473,NA,NA,2,464
888,"preservation",2249,294,NA,NA,2,157
889,"restoration",2714,539,951,365,3,14
890,"preservation",5196,179,NA,NA,2,167
891,"restoration",2144,642,NA,NA,2,550
892,"preservation",7508,111,NA,NA,1,337
893,"restoration",6184,309,1950,311,3,83
894,"restoration",1157,841,NA,NA,2,659
895,"restoration",6939,337,2800,313,3,542
896,"restoration",3560,546,NA,NA,2,600
897,"preservation",5826,158,143,172,2,231
898,"restoration",2161,613,NA,NA,2,438
899,"restoration",1226,714,377,403,3,179
900,"restoration",3352,520,NA,NA,2,481
901,"restoration",3559,510,1517,358,3,236
902,"preservation",10092,55,3610,93,3,59
903,"preservation",5285,174,NA,NA,1,372
904,"preservation",7335,116,NA,NA,2,205
905,"restoration",6932,296,3589,242,3,254
906,"restoration",8810,214,NA,NA,2,592
907,"restoration",4396,446,2203,309,3,197
908,"restoration",1875,635,NA,NA,2,457
909,"restoration",2329,598,NA,NA,2,443
910,"restoration",2482,622,NA,NA,2,580
911,"restoration",9776,144,2250,286,3,47
912,"preservation",11988,33,4493,82,3,39
913,"preservation",10957,45,NA,NA,2,140
914,"restoration",2424,594,NA,NA,2,472
915,"restoration",649,756,NA,NA,2,401
916,"restoration",3738,458,NA,NA,2,263
917,"restoration",5460,377,NA,NA,2,446
918,"preservation",5536,163,3310,99,3,12
919,"preservation",5788,156,8,178,3,37
920,"restoration",1661,671,NA,NA,1,812
921,"preservation",6901,121,NA,NA,2,241
922,"restoration",5847,327,NA,NA,2,261
923,"restoration",2981,547,NA,NA,2,460
924,"restoration",7121,294,NA,NA,1,853
925,"restoration",4308,439,2910,260,3,132
926,"restoration",5658,363,3101,255,3,188
927,"restoration",10145,134,1931,312,3,69
928,"restoration",1323,666,NA,NA,1,697
929,"preservation",5041,187,1362,144,3,2
930,"preservation",11204,42,12,179,3,52
931,"restoration",1855,641,NA,NA,1,807
932,"restoration",15541,33,124,407,3,31
933,"restoration",5770,335,NA,NA,1,733
934,"restoration",10923,113,365,395,3,72
935,"preservation",4240,220,1414,143,3,61
936,"preservation",5100,188,3973,89,3,67
937,"restoration",23335,9,13802,15,3,49
938,"preservation",2558,290,483,164,3,100
939,"restoration",1530,662,NA,NA,2,397
940,"restoration",4591,438,988,385,3,217
941,"preservation",4573,210,NA,NA,2,134
942,"restoration",6547,293,NA,NA,1,763
943,"preservation",9846,58,NA,NA,2,178
944,"restoration",7795,234,2789,269,3,180
946,"restoration",7048,254,2055,301,3,21
947,"restoration",1494,651,1738,322,3,39
949,"restoration",3638,502,3015,264,3,209
950,"restoration",2022,620,1252,363,3,148
951,"restoration",4844,427,1144,376,3,235
952,"restoration",4977,422,NA,NA,2,517
954,"restoration",4993,423,3220,258,3,244
955,"restoration",2162,631,2143,324,3,252
956,"restoration",1928,649,NA,NA,2,499
957,"restoration",110,826,NA,NA,2,390
958,"restoration",1414,772,1414,388,3,531
959,"restoration",1269,776,NA,NA,2,627
961,"restoration",1666,681,NA,NA,2,502
962,"restoration",2530,568,NA,NA,1,752
963,"restoration",742,838,NA,NA,2,595
964,"restoration",1395,729,NA,NA,2,554
967,"restoration",1152,715,NA,NA,1,775
968,"restoration",1884,618,NA,NA,1,724
969,"restoration",1157,695,NA,NA,2,309
971,"restoration",2239,653,NA,NA,1,864
975,"restoration",507,801,NA,NA,1,813
976,"restoration",115,872,NA,NA,2,508
979,"restoration",202,814,NA,NA,1,759
981,"restoration",876,809,NA,NA,2,596
982,"restoration",607,763,NA,NA,1,761
983,"restoration",200,816,NA,NA,1,760
985,"restoration",488,788,NA,NA,1,787
990,"restoration",68,850,NA,NA,1,772
994,"restoration",400,868,NA,NA,2,576
997,"restoration",7,897,7,448,3,357
1001,"restoration",2660,625,NA,NA,2,625
1002,"restoration",727,884,NA,NA,2,653
1005,"restoration",2,919,NA,NA,1,892
1008,"restoration",12,936,NA,NA,2,663
1009,"restoration",203,899,NA,NA,2,603
1011,"restoration",9,941,NA,NA,2,675
1012,"restoration",568,898,NA,NA,2,655
1017,"restoration",1987,658,NA,NA,2,544
1020,"restoration",1427,797,NA,NA,2,662
1021,"restoration",729,833,NA,NA,2,591
1022,"restoration",1213,725,NA,NA,2,492
1024,"restoration",142,907,NA,NA,1,886
1026,"restoration",166,815,NA,NA,1,749
1035,"restoration",2229,665,NA,NA,2,606
1038,"restoration",205,873,NA,NA,1,836
1042,"restoration",918,804,NA,NA,1,871
1045,"restoration",758,749,NA,NA,1,776
1046,"restoration",1758,628,NA,NA,2,375
1048,"restoration",328,807,NA,NA,1,784
1049,"restoration",293,787,NA,NA,2,354
1050,"restoration",2744,581,NA,NA,2,529
1051,"restoration",854,748,NA,NA,1,805
1052,"restoration",1285,705,NA,NA,1,792
1060,"restoration",210,876,NA,NA,1,837
1062,"restoration",458,909,NA,NA,2,668
1064,"restoration",176,900,NA,NA,2,613
1067,"restoration",570,779,NA,NA,1,798
1071,"restoration",1600,712,NA,NA,2,558
1073,"restoration",1074,754,NA,NA,1,838
1077,"restoration",2,867,NA,NA,2,441
1078,"restoration",368,796,NA,NA,2,419
1079,"restoration",826,757,NA,NA,1,808
1082,"restoration",9,932,2,463,3,549
1090,"restoration",608,798,NA,NA,2,510
1091,"restoration",577,795,NA,NA,2,495
1094,"restoration",51,914,NA,NA,1,884
1109,"restoration",44,886,44,441,3,240
1122,"restoration",7,871,7,433,3,189
1124,"restoration",37,865,NA,NA,2,445
1126,"restoration",1335,717,NA,NA,2,496
1127,"restoration",443,765,NA,NA,1,713
1130,"restoration",516,750,NA,NA,2,294
1133,"restoration",231,793,NA,NA,1,716
1136,"restoration",170,805,NA,NA,2,342
1137,"restoration",2144,589,NA,NA,2,334
1139,"restoration",662,742,NA,NA,1,728
1141,"restoration",1230,697,NA,NA,2,386
1144,"restoration",536,758,NA,NA,2,348
1145,"restoration",393,859,NA,NA,1,842
1146,"restoration",250,799,NA,NA,1,738
1147,"restoration",1251,682,NA,NA,2,332
1148,"restoration",1700,624,NA,NA,2,260
1149,"restoration",1179,690,NA,NA,2,308
1151,"preservation",3061,266,NA,NA,2,129
1152,"restoration",2148,586,NA,NA,2,289
1153,"restoration",502,752,275,397,2,280
1154,"restoration",13,819,13,414,2,284
1156,"restoration",285,778,NA,NA,2,281
1158,"restoration",6,840,NA,NA,2,362
1160,"preservation",864,355,866,155,3,16
1162,"restoration",1017,709,2,418,3,56
1172,"restoration",565,771,NA,NA,2,422
1178,"restoration",1441,654,NA,NA,2,270
1188,"preservation",4398,214,NA,NA,1,361
1189,"preservation",13284,26,13283,5,3,85
1190,"preservation",6404,132,6404,51,2,213
1192,"preservation",476,388,9660,19,2,240
1193,"preservation",693,365,3216,100,2,144
1195,"preservation",2761,277,12606,7,2,187
1204,"restoration",1540,645,5509,143,3,61
1205,"preservation",11578,38,6271,57,3,86
1206,"restoration",502,751,NA,NA,2,265
1207,"preservation",1074,348,NA,NA,2,243
1209,"preservation",468,417,468,170,3,116
1210,"preservation",4701,215,802,159,3,109
1211,"preservation",2366,291,NA,NA,2,226
1216,"preservation",6959,122,6303,59,3,95
1217,"preservation",531,382,NA,NA,2,219
1218,"preservation",211,402,NA,NA,2,168
1219,"preservation",1525,325,NA,NA,2,192
1220,"preservation",651,379,NA,NA,2,274
1224,"preservation",3366,251,3366,98,3,54
1225,"preservation",8963,75,7119,42,3,22
1230,"preservation",2321,310,2321,132,2,322
1231,"preservation",10240,57,8136,31,2,302
1232,"preservation",7684,107,5835,63,3,78
1233,"restoration",6535,281,5720,128,3,45
1238,"restoration",8399,185,5313,149,3,57
1239,"preservation",9830,64,9830,18,3,98
1240,"preservation",8333,90,7078,45,3,101
1241,"preservation",12364,31,8659,27,3,63
1242,"restoration",16162,28,12412,23,3,41
1243,"restoration",5135,393,2269,291,3,117
1244,"preservation",1536,322,NA,NA,1,338
1247,"preservation",621,373,NA,NA,2,156
1248,"restoration",433,762,NA,NA,2,266
1251,"restoration",1253,677,NA,NA,2,279
1260,"restoration",3,846,NA,NA,2,379
1263,"restoration",312,794,NA,NA,1,747
1266,"restoration",17,825,17,416,3,55
1267,"preservation",790,369,NA,NA,2,268
1269,"restoration",4,830,NA,NA,2,319
1270,"preservation",800,362,NA,NA,2,220
1271,"preservation",472,381,NA,NA,2,138
1274,"restoration",50,811,50,412,3,8
1278,"preservation",324,396,21,176,3,10
1279,"restoration",562,744,NA,NA,2,264
1280,"restoration",869,724,NA,NA,2,345
1281,"restoration",24,848,11,423,3,111
1288,"restoration",5230,365,36,413,3,7
1290,"preservation",2494,288,2487,122,2,257
1291,"preservation",8167,96,5803,66,3,104
1292,"preservation",1111,370,NA,NA,2,316
1293,"preservation",6179,145,NA,NA,2,258
1294,"preservation",6223,143,NA,NA,2,266
1295,"preservation",1123,347,NA,NA,1,407
1296,"preservation",3423,250,NA,NA,2,196
1297,"preservation",870,354,NA,NA,1,345
1298,"restoration",2087,600,NA,NA,2,364
1299,"restoration",2162,584,NA,NA,2,298
1300,"preservation",2662,278,NA,NA,2,132
1301,"restoration",5094,417,5014,174,3,230
1303,"restoration",7184,248,NA,NA,2,256
1304,"preservation",3915,229,NA,NA,1,352
1305,"restoration",4961,396,NA,NA,2,259
1306,"preservation",7080,119,2649,112,3,50
1307,"preservation",3584,246,NA,NA,1,400
1308,"preservation",5221,182,NA,NA,2,223
1312,"restoration",2318,574,NA,NA,2,258
1314,"restoration",4954,398,NA,NA,2,296
1315,"preservation",4055,224,NA,NA,1,339
1316,"restoration",6284,303,NA,NA,1,730
1317,"restoration",11027,107,NA,NA,1,703
1318,"restoration",5379,354,NA,NA,1,699
1319,"restoration",9189,173,NA,NA,2,425
1320,"preservation",4371,218,NA,NA,1,396
1321,"restoration",4169,476,NA,NA,2,548
1322,"restoration",5630,339,NA,NA,2,328
1323,"preservation",3793,234,NA,NA,2,209
1324,"restoration",1620,643,NA,NA,1,736
1325,"restoration",358,784,NA,NA,1,735
1327,"restoration",33,878,NA,NA,2,489
1328,"preservation",896,353,NA,NA,1,347
1329,"preservation",1340,331,NA,NA,1,363
1330,"restoration",2561,563,2554,272,3,109
1331,"restoration",48,851,NA,NA,1,769
1332,"restoration",4293,432,NA,NA,2,337
1333,"preservation",288,401,NA,NA,1,362
1336,"restoration",6,888,NA,NA,2,524
1337,"restoration",129,858,NA,NA,1,804
1342,"restoration",301,791,NA,NA,2,373
1345,"restoration",111,849,NA,NA,1,782
1356,"restoration",10,854,NA,NA,1,758
1359,"preservation",684,366,NA,NA,1,341
1365,"restoration",110,810,NA,NA,2,343
1387,"restoration",489,759,NA,NA,1,709
1392,"preservation",398,389,NA,NA,1,366
1393,"restoration",227,803,NA,NA,1,732
1396,"restoration",5,869,NA,NA,2,449
1411,"preservation",472,387,NA,NA,1,389
1415,"restoration",155,800,NA,NA,1,705
1423,"preservation",7,435,NA,NA,1,420
1427,"preservation",236,405,NA,NA,1,379
1428,"preservation",2,423,NA,NA,1,359
1429,"preservation",233,408,NA,NA,1,398
1432,"restoration",304,777,NA,NA,2,255
1437,"preservation",4,421,NA,NA,2,158
1451,"preservation",336,394,NA,NA,2,128
1452,"preservation",583,375,NA,NA,1,373
1459,"preservation",110,414,NA,NA,1,385
1460,"preservation",9369,69,9366,22,3,77
1468,"preservation",7537,118,3209,106,3,114
1469,"preservation",5531,171,5531,71,3,97
1472,"preservation",6802,133,NA,NA,2,311
1473,"preservation",6,446,NA,NA,2,326
1474,"preservation",1727,318,NA,NA,1,411
1475,"preservation",789,378,762,160,2,303
1504,"restoration",7517,237,5778,132,3,120
1505,"restoration",266,785,NA,NA,2,286
1506,"preservation",1507,326,NA,NA,3,44
1507,"preservation",16721,9,NA,NA,1,387
1508,"restoration",4013,447,NA,NA,1,698
1509,"restoration",1693,707,NA,NA,1,856
1510,"restoration",6209,314,3667,223,3,124
1511,"restoration",14311,53,4584,191,3,216
1513,"restoration",6059,382,NA,NA,2,608
1514,"restoration",1527,719,NA,NA,2,557
1515,"restoration",3143,569,NA,NA,2,584
1516,"restoration",4208,513,NA,NA,2,647
1517,"restoration",5774,373,NA,NA,3,253
1518,"restoration",1970,668,NA,NA,2,562
1519,"restoration",11183,126,NA,NA,2,530
1520,"restoration",10328,145,NA,NA,2,509
1521,"restoration",12573,91,4394,210,3,358
1522,"restoration",6752,334,177,451,3,482
1523,"restoration",8601,196,3004,266,3,222
1524,"restoration",7401,266,5927,142,3,239
1525,"restoration",5419,395,NA,NA,1,821
1527,"restoration",5437,380,NA,NA,2,461
1528,"restoration",12497,109,NA,NA,2,641
1529,"restoration",9202,193,NA,NA,1,870
1530,"restoration",921,720,905,368,2,321
1531,"restoration",1689,637,1689,329,3,115
1534,"restoration",412,808,85,428,3,198
1535,"restoration",11435,115,NA,NA,2,503
1536,"preservation",16521,10,NA,NA,1,350
1537,"restoration",5876,389,NA,NA,2,593
1538,"restoration",4516,449,NA,NA,2,513
1539,"restoration",2611,557,NA,NA,2,388
1542,"restoration",3,862,NA,NA,2,428
1551,"restoration",13,915,NA,NA,2,620
1552,"restoration",1626,685,NA,NA,2,505
1555,"preservation",7945,110,5142,78,3,108
1556,"preservation",5887,168,NA,NA,1,439
1557,"preservation",2636,289,NA,NA,1,428
1558,"preservation",2778,286,NA,NA,2,307
1559,"preservation",9588,66,16,184,3,94
1560,"preservation",2107,321,NA,NA,1,442
1561,"preservation",5741,177,2941,115,3,117
1562,"preservation",2422,312,NA,NA,1,449
1563,"preservation",1572,333,NA,NA,1,432
1564,"preservation",15381,15,NA,NA,2,212
1565,"preservation",1053,386,NA,NA,2,324
1566,"restoration",8411,184,NA,NA,2,269
1567,"preservation",849,356,NA,NA,1,343
1573,"restoration",1408,660,NA,NA,1,710
1574,"preservation",5238,198,NA,NA,2,309
1575,"preservation",3240,281,3233,109,3,200
1576,"preservation",1405,361,NA,NA,2,325
1577,"preservation",4753,209,3480,97,3,93
1578,"preservation",1024,397,NA,NA,2,328
1579,"preservation",1951,319,15,192,3,113
1580,"preservation",2716,280,NA,NA,1,395
1581,"preservation",9538,84,8712,30,3,301
1582,"preservation",4827,203,4814,79,3,84
1583,"preservation",9924,77,2431,133,3,289
1584,"preservation",8488,108,7341,49,3,283
1585,"preservation",13597,29,5410,80,3,285
1586,"preservation",14272,21,11616,11,3,89
1587,"preservation",4388,232,NA,NA,1,441
1588,"preservation",5556,195,3569,104,3,211
1589,"preservation",6504,137,NA,NA,2,295
1590,"preservation",3725,249,NA,NA,2,306
1592,"preservation",566,374,NA,NA,1,349
1593,"restoration",5516,348,5516,141,3,29
1594,"preservation",8318,89,NA,NA,2,237
1595,"preservation",8523,82,NA,NA,2,181
1596,"preservation",6570,159,NA,NA,2,329
1597,"preservation",3815,268,NA,NA,1,451
1598,"preservation",5779,160,5779,64,3,72
1599,"preservation",4259,222,NA,NA,1,391
1600,"preservation",6890,146,6881,58,3,284
1602,"preservation",4644,219,1428,149,3,111
1603,"preservation",7610,112,NA,NA,2,261
1604,"preservation",2817,273,NA,NA,2,126
1605,"preservation",2443,285,71,174,3,38
1606,"restoration",4901,404,NA,NA,2,330
1607,"preservation",5057,190,3875,91,3,69
1608,"preservation",3237,255,2607,113,3,29
1609,"restoration",5169,371,2136,294,3,11
1610,"restoration",2950,522,NA,NA,2,282
1611,"preservation",1016,364,NA,NA,1,436
1612,"preservation",5537,164,5537,68,3,40
1613,"preservation",1706,337,NA,NA,2,319
1614,"preservation",5558,165,2889,107,3,64
1616,"restoration",3515,482,NA,NA,2,351
1617,"preservation",5295,175,2300,126,3,81
1618,"preservation",6290,139,6262,60,3,91
1620,"preservation",1966,304,NA,NA,1,364
1621,"preservation",2877,271,NA,NA,1,336
1622,"restoration",34,813,NA,NA,2,285
1625,"restoration",304,853,NA,NA,1,830
1626,"restoration",1582,639,NA,NA,1,717
1627,"preservation",27,420,NA,NA,2,166
1629,"preservation",19,428,NA,NA,2,228
1630,"restoration",739,731,713,383,3,18
1631,"restoration",40,882,NA,NA,2,497
1642,"preservation",5,425,NA,NA,2,210
1646,"preservation",4,422,NA,NA,1,357
1665,"restoration",71,839,NA,NA,2,396
1669,"preservation",1067,342,NA,NA,2,119
1830,"preservation",7048,142,NA,NA,2,332
1834,"preservation",9725,79,NA,NA,2,330
1838,"preservation",402,443,NA,NA,1,454
1842,"preservation",34,418,NA,NA,3,31
1848,"preservation",192,448,NA,NA,3,314
1856,"preservation",3356,260,NA,NA,2,281
1857,"preservation",4618,208,NA,NA,2,163
1859,"preservation",10975,46,NA,NA,2,177
1860,"preservation",555,399,NA,NA,2,297
1861,"preservation",737,406,NA,NA,2,323
1862,"preservation",4842,207,NA,NA,2,270
1868,"preservation",3423,248,NA,NA,3,30
1873,"preservation",20,433,NA,NA,2,265
1877,"preservation",8064,94,NA,NA,2,260
1878,"preservation",6048,147,NA,NA,2,238
1886,"preservation",3981,236,NA,NA,2,292
1887,"preservation",10439,51,NA,NA,3,71
1891,"preservation",272,440,NA,NA,2,320
1892,"preservation",10600,53,NA,NA,3,110
1894,"preservation",2603,287,NA,NA,3,102
1895,"preservation",4556,212,NA,NA,2,246
1909,"preservation",5377,176,NA,NA,2,267
1910,"preservation",7980,97,NA,NA,3,83
1911,"preservation",5867,154,NA,NA,3,74
1912,"preservation",8029,91,NA,NA,3,34
1915,"restoration",6379,289,NA,NA,3,10
1917,"preservation",2670,279,NA,NA,2,164
1918,"preservation",5090,186,NA,NA,3,43
1919,"preservation",1006,358,NA,NA,1,417
1928,"preservation",6574,131,NA,NA,2,276
1930,"preservation",9,447,NA,NA,2,327
1933,"preservation",3321,261,NA,NA,2,277
1934,"preservation",14408,20,NA,NA,2,222
1935,"preservation",5016,191,NA,NA,2,206
1936,"preservation",15963,12,NA,NA,2,233
1937,"preservation",4385,216,NA,NA,2,215
1938,"preservation",8558,85,NA,NA,2,232
1939,"preservation",7826,101,NA,NA,3,79
1940,"preservation",4747,205,NA,NA,3,68
1941,"preservation",7643,105,NA,NA,3,14
1942,"preservation",3239,259,NA,NA,1,394
1943,"preservation",2163,300,NA,NA,3,13
1947,"preservation",1753,324,NA,NA,2,296
1950,"preservation",5407,167,NA,NA,2,150
1952,"preservation",24,449,NA,NA,2,331
1953,"preservation",16311,11,NA,NA,3,11
1987,"preservation",2385,327,NA,NA,2,334
1988,"preservation",6168,151,NA,NA,2,300
1989,"restoration",2428,564,NA,NA,3,16
1992,"preservation",9320,70,NA,NA,3,62
1993,"preservation",6152,144,NA,NA,3,88
1994,"preservation",5128,185,NA,NA,3,55
1997,"preservation",2191,306,NA,NA,2,308
1998,"preservation",8695,80,NA,NA,3,15
1999,"restoration",7474,233,NA,NA,3,32
2002,"preservation",1043,359,NA,NA,2,290
2003,"preservation",5151,193,NA,NA,1,422
2004,"preservation",3847,235,NA,NA,2,250
2005,"preservation",4988,192,NA,NA,2,197
2007,"preservation",1150,363,NA,NA,2,313
2009,"preservation",52,445,NA,NA,1,448
2010,"restoration",1173,691,241,401,3,35
2011,"preservation",377,395,NA,NA,2,201
2014,"preservation",1088,343,1088,151,2,199
2019,"preservation",3676,238,NA,NA,1,397
2020,"preservation",3498,256,NA,NA,1,429
2024,"preservation",1799,308,3144,103,2,141
2025,"preservation",13283,25,9905,17,3,49
2027,"preservation",10408,54,17,186,3,103
2029,"preservation",5988,157,NA,NA,2,286
2030,"preservation",619,372,NA,NA,2,153
2031,"preservation",371,411,NA,NA,1,430
2035,"preservation",4661,226,NA,NA,1,447
2036,"preservation",686,371,368,165,3,75
2037,"preservation",215,404,NA,NA,2,180
2038,"preservation",3706,247,NA,NA,1,425
2039,"restoration",1479,650,NA,NA,1,692
2040,"preservation",1692,316,783,158,3,82
2041,"preservation",3230,262,306,167,2,247
2042,"preservation",1150,338,NA,NA,2,160
2043,"preservation",1637,315,NA,NA,1,369
2044,"preservation",2240,295,NA,NA,2,155
2045,"preservation",3522,245,NA,NA,1,383
2047,"preservation",3109,267,NA,NA,2,221
2048,"restoration",10823,116,151,406,3,33
2049,"preservation",9217,71,3988,88,3,6
2050,"preservation",3570,242,46,177,3,70
2063,"preservation",3657,237,NA,NA,2,159
2064,"restoration",3665,465,NA,NA,2,291
2065,"preservation",413,390,NA,NA,1,378
2069,"preservation",860,398,NA,NA,1,443
2070,"preservation",4878,204,NA,NA,2,272
2073,"preservation",40,415,NA,NA,2,145
2074,"restoration",1280,675,NA,NA,1,704
2075,"preservation",5814,153,1626,137,3,33
2076,"restoration",5951,329,3963,208,3,103
2077,"restoration",7641,307,NA,NA,2,661
2078,"restoration",6845,282,NA,NA,3,183
2079,"restoration",9344,157,NA,NA,3,20
2080,"restoration",9720,147,NA,NA,3,68
2081,"preservation",12493,30,NA,NA,3,58
2082,"restoration",14365,47,12632,24,3,167
2083,"restoration",6898,269,4666,176,3,100
2084,"restoration",10824,120,4269,196,3,112
2085,"restoration",5576,347,5576,140,3,75
2086,"restoration",5407,359,4307,189,3,74
2087,"restoration",24222,7,22747,2,3,94
2088,"restoration",22757,11,17923,7,3,48
2089,"restoration",30007,1,13197,16,3,70
2090,"restoration",16491,29,11209,37,3,152
2091,"restoration",13162,78,5770,151,3,324
2092,"restoration",12928,71,2644,271,3,146
2093,"restoration",4388,484,NA,NA,1,877
2094,"restoration",13762,67,13762,17,3,325
2095,"preservation",21132,3,13045,6,3,5
2096,"restoration",15728,35,9574,57,3,139
2097,"restoration",5151,385,NA,NA,1,739
2098,"restoration",12000,92,8945,65,3,153
2099,"restoration",7911,208,105,411,2,320
2100,"restoration",7303,239,NA,NA,1,693
2101,"restoration",8810,177,NA,NA,1,746
2102,"restoration",6684,297,NA,NA,1,811
2103,"restoration",7011,279,14,434,3,196
2104,"restoration",7131,302,6703,122,3,430
2105,"restoration",36,942,36,470,3,615
2106,"restoration",7681,298,5161,200,3,563
2107,"restoration",7685,262,7685,92,3,387
2108,"restoration",6679,375,NA,NA,1,917
2109,"restoration",11326,106,3175,248,3,145
2110,"restoration",2351,582,NA,NA,1,750
2111,"restoration",3716,576,11,469,3,598
2112,"restoration",3091,590,13,456,3,488
2113,"restoration",19129,17,NA,NA,1,741
2114,"restoration",10284,153,3605,246,3,353
2115,"restoration",13802,62,10246,50,3,207
2116,"restoration",11964,87,11964,27,3,52
2119,"restoration",8834,176,8490,70,3,62
2120,"restoration",12744,69,6846,105,3,86
2121,"restoration",9081,175,NA,NA,2,398
2122,"restoration",8599,192,NA,NA,1,802
2123,"restoration",12643,84,12,435,3,200
2124,"restoration",11457,110,3298,247,3,192
2125,"restoration",13247,73,7276,99,3,232
2126,"restoration",3655,497,NA,NA,2,453
2127,"restoration",2718,549,722,386,3,97
2128,"restoration",6974,270,6528,115,3,131
2129,"restoration",9074,194,5630,160,3,408
2130,"restoration",12543,82,11726,31,3,174
2137,"restoration",299,905,NA,NA,1,900
2138,"restoration",6065,388,1524,378,2,623
2147,"restoration",2713,565,NA,NA,1,795
2148,"restoration",66,844,33,425,3,133
2149,"restoration",2202,615,2126,314,2,455
2152,"restoration",1649,636,NA,NA,2,377
2154,"restoration",284,824,NA,NA,1,800
2155,"restoration",4468,425,4213,197,3,92
2156,"preservation",4176,244,1529,152,3,229
2157,"restoration",15303,37,NA,NA,3,1
2158,"restoration",24352,6,NA,NA,3,23
2159,"restoration",13719,58,7506,87,3,123
2160,"restoration",23094,10,19522,5,3,34
2161,"restoration",23921,8,1008,364,3,30
2162,"restoration",28445,3,NA,NA,3,13
2163,"restoration",11794,94,11102,36,3,101
2164,"restoration",13101,66,4425,188,3,116
2165,"restoration",25222,5,10911,40,3,144
2166,"restoration",10504,129,1515,344,3,119
2168,"preservation",7,441,4,191,3,107
2206,"restoration",1357,692,1354,356,3,141
2209,"preservation",3222,258,502,162,3,45
2233,"preservation",8274,87,NA,NA,1,348
2235,"preservation",7856,98,NA,NA,1,358
2238,"preservation",3112,275,NA,NA,1,433
2242,"preservation",1768,311,1753,134,3,65
2243,"preservation",2479,284,NA,NA,2,171
2244,"preservation",579,393,NA,NA,2,293
2245,"preservation",5,432,NA,NA,1,399
2246,"preservation",15119,17,10325,13,2,142
2247,"preservation",6482,134,NA,NA,1,416
2248,"preservation",4771,199,NA,NA,1,356
2249,"preservation",4753,211,NA,NA,1,427
2250,"preservation",14027,24,NA,NA,1,423
2251,"preservation",6392,136,1768,135,2,255
2252,"preservation",9982,60,6896,46,2,278
2253,"restoration",9790,143,7290,89,2,274
2254,"restoration",7909,206,5155,153,2,257
2255,"preservation",11083,44,7640,36,2,189
2256,"preservation",15200,16,4259,83,2,120
2257,"preservation",8292,88,3227,102,2,216
2258,"preservation",9370,72,8646,28,2,256
2260,"preservation",7,424,NA,NA,1,380
2261,"restoration",12145,83,5544,138,3,12
2262,"preservation",11394,40,NA,NA,2,125
2263,"preservation",1670,350,NA,NA,1,450
2264,"preservation",12117,36,389,168,3,106
2265,"preservation",6642,141,NA,NA,2,317
2266,"preservation",3324,253,1221,147,2,154
2267,"preservation",4750,200,2944,105,3,18
2268,"preservation",547,376,NA,NA,2,175
2269,"preservation",9916,67,86,190,3,115
2270,"preservation",89,434,NA,NA,1,426
2271,"preservation",584,385,NA,NA,1,405
2272,"preservation",6471,128,NA,NA,1,375
2273,"preservation",8333,86,NA,NA,1,374
2274,"preservation",6016,148,NA,NA,1,392
2277,"preservation",2780,282,2421,124,3,99
2281,"preservation",56,416,NA,NA,1,365
2282,"preservation",1429,332,NA,NA,2,253
2283,"restoration",9037,180,6378,121,3,221
2287,"restoration",5105,400,4667,178,3,126
2288,"restoration",3902,468,3902,218,3,169
2289,"restoration",5667,370,4211,211,3,223
2290,"restoration",11932,88,8313,72,3,107
2291,"preservation",3561,240,1945,130,3,42
2292,"restoration",4333,441,2426,285,3,142
2293,"preservation",16697,8,2021,129,3,1
2294,"restoration",2164,621,NA,NA,1,815
2295,"preservation",14723,19,9308,20,3,3
2296,"restoration",7974,263,NA,NA,1,880
2297,"restoration",7964,292,2455,346,2,670
2298,"restoration",3550,559,2921,296,2,636
2299,"restoration",8196,211,NA,NA,1,791
2300,"restoration",6258,331,1,440,3,214
2301,"restoration",13856,50,7649,82,3,43
2302,"restoration",18581,18,8071,75,3,42
2303,"preservation",9008,74,1552,138,2,143
2304,"restoration",10948,111,5608,133,3,3
2305,"restoration",5641,343,2424,278,3,85
2306,"preservation",15742,13,NA,NA,1,340
2307,"restoration",14538,44,11470,33,3,130
2308,"restoration",7464,232,NA,NA,1,695
2309,"restoration",9663,158,1855,328,3,177
2310,"restoration",10542,148,7147,109,3,400
2311,"restoration",3078,508,NA,NA,1,690
2312,"restoration",7296,242,NA,NA,1,706
2313,"restoration",5024,402,2538,274,2,385
2314,"restoration",7023,274,4415,192,2,436
2315,"restoration",10741,140,NA,NA,2,570
2316,"restoration",11309,121,10628,48,3,304
2317,"restoration",8258,203,8215,76,3,158
2318,"restoration",8628,186,5318,155,3,157
2320,"restoration",7915,222,64,426,3,168
2321,"restoration",3729,479,4013,213,3,161
2322,"restoration",8665,213,NA,NA,1,848
2323,"restoration",4142,459,NA,NA,1,823
2324,"restoration",5954,399,NA,NA,3,468
2325,"restoration",6655,333,1989,350,3,437
2327,"restoration",15631,31,12617,20,3,24
2328,"restoration",17637,21,9010,61,3,89
2329,"restoration",12703,72,5757,130,3,80
2330,"preservation",9094,73,5125,73,3,8
2331,"restoration",13919,49,9837,51,3,17
2332,"restoration",694,738,540,392,3,77
2342,"restoration",2817,550,NA,NA,2,423
2343,"restoration",7230,252,NA,NA,2,381
2350,"restoration",2630,599,NA,NA,1,839
2352,"restoration",54,880,NA,NA,1,826
2414,"restoration",333,877,NA,NA,1,859
2451,"restoration",3057,519,NA,NA,2,367
2458,"preservation",12284,32,NA,NA,1,404
2459,"restoration",4642,414,NA,NA,1,694
2462,"preservation",651,391,33,189,2,304
2466,"preservation",982,384,26,194,2,321
2467,"preservation",7742,104,7742,34,2,179
2468,"preservation",1435,339,768,161,2,305
2469,"restoration",738,735,19,419,2,366
2470,"preservation",4319,217,1403,142,2,152
2472,"restoration",1894,612,1894,310,3,2
2473,"preservation",870,400,NA,NA,1,446
2474,"preservation",41,429,41,182,2,242
2475,"restoration",11256,100,11241,34,3,36
2476,"preservation",1271,346,21,188,2,299
2477,"preservation",10263,52,10037,15,2,173
2479,"restoration",5554,350,3487,227,2,340
2480,"preservation",1694,335,NA,NA,1,440
2482,"preservation",974,349,3,180,2,188
2483,"restoration",11113,103,7407,84,2,271
2485,"preservation",4181,221,4181,85,2,121
2486,"preservation",383,410,NA,NA,1,431
2487,"restoration",3913,452,3605,221,2,292
2488,"preservation",2062,305,2062,131,2,282
2489,"preservation",7894,95,2359,123,2,147
2492,"preservation",7722,102,7722,33,2,139
2494,"preservation",218,436,NA,NA,1,438
2498,"preservation",2342,303,1030,156,2,298
2502,"preservation",20973,5,NA,NA,1,409
2530,"preservation",5448,178,NA,NA,1,424
2532,"preservation",1981,323,1113,157,2,315
2533,"preservation",10796,49,NA,NA,1,412
2534,"restoration",13741,61,5637,147,2,444
2537,"preservation",2530,283,NA,NA,1,353
2538,"preservation",8018,92,3857,90,3,35
2543,"preservation",2244,297,2200,127,2,183
2549,"restoration",12536,86,10109,54,3,218
2554,"restoration",181,856,181,424,2,474
2556,"restoration",11146,118,8042,78,3,170
2557,"preservation",17249,7,6297,53,3,41
2558,"preservation",5910,149,NA,NA,1,371
2559,"restoration",910,722,547,390,2,331
2562,"restoration",2835,535,2135,293,2,262
2563,"restoration",7261,244,5574,136,2,295
2564,"preservation",5584,184,4173,92,2,312
2565,"restoration",11436,95,8837,62,3,5
2566,"restoration",8989,168,8590,67,3,9
2567,"preservation",3943,231,NA,NA,1,393
2568,"restoration",15397,38,10405,44,3,76
2570,"preservation",1186,336,1186,148,3,21
2571,"preservation",1602,317,NA,NA,1,355
2573,"preservation",2319,299,NA,NA,1,401
2574,"preservation",5543,166,5543,69,2,218
2576,"preservation",3032,270,383,166,2,245
2578,"restoration",16651,26,NA,NA,2,272
2583,"preservation",3199,257,3199,101,2,123
2584,"preservation",274,407,NA,NA,1,406
2585,"preservation",9386,68,7033,43,2,176
2586,"preservation",9952,56,7441,38,2,170
2587,"restoration",14030,48,6979,95,2,341
2589,"preservation",1181,345,73,183,2,275
2592,"preservation",3435,254,2653,117,2,263
2593,"preservation",5158,194,4453,84,2,287
2594,"preservation",11523,41,9063,25,2,288
2595,"restoration",12306,81,9390,58,2,374
2600,"preservation",7553,115,6248,62,2,254
2601,"preservation",612,383,NA,NA,1,414
2604,"restoration",4559,445,NA,NA,1,831
2605,"restoration",4982,416,NA,NA,1,809
2606,"restoration",4268,475,NA,NA,1,854
2609,"restoration",10596,138,6046,134,3,238
2610,"restoration",9084,174,3385,234,3,128
2611,"restoration",4764,436,1531,360,3,251
2612,"restoration",5847,366,5147,173,2,540
2613,"restoration",16327,27,11450,32,3,51
2614,"restoration",8446,187,3222,239,3,95
2615,"restoration",12709,75,9835,53,3,110
2616,"restoration",6545,306,5061,170,3,202
2617,"restoration",14044,51,NA,NA,1,756
2618,"restoration",11641,98,4325,201,3,173
2619,"restoration",3581,495,NA,NA,1,783
2620,"restoration",8179,207,386,402,2,421
2621,"restoration",15781,36,11246,38,3,172
2622,"restoration",9916,169,6113,145,3,407
2623,"restoration",7655,246,2887,268,2,470
2624,"restoration",25682,4,20913,4,3,162
2625,"restoration",14622,45,7451,91,3,151
2626,"restoration",12994,68,11959,28,3,90
2627,"restoration",15749,39,6674,112,3,178
2628,"restoration",14929,42,5555,148,3,164
2629,"restoration",21303,13,5852,144,3,225
2630,"restoration",3970,454,NA,NA,1,754
2631,"restoration",6300,311,NA,NA,1,767
2632,"restoration",6173,317,NA,NA,1,751
2633,"restoration",5372,378,NA,NA,1,785
2634,"restoration",7218,259,NA,NA,1,777
2635,"restoration",11886,99,4587,193,3,234
2636,"restoration",6116,323,4582,183,3,143
2637,"restoration",7582,249,6699,114,3,193
2638,"restoration",5136,412,NA,NA,1,816
2639,"restoration",6004,353,NA,NA,1,832
2640,"restoration",6388,361,NA,NA,1,878
2641,"restoration",8787,202,NA,NA,1,846
2642,"restoration",5545,421,NA,NA,2,633
2643,"restoration",9665,162,1111,374,3,204
2644,"restoration",8820,190,1129,377,3,228
2645,"restoration",7990,209,5646,137,3,96
2646,"restoration",5880,349,2328,299,3,190
2647,"restoration",7062,286,2688,281,3,243
2648,"preservation",4666,206,4011,86,3,20
2649,"restoration",9122,172,2394,284,3,122
2650,"restoration",9395,163,8993,63,3,125
2651,"restoration",6744,300,4072,219,3,231
2652,"restoration",3760,464,3659,222,3,98
2653,"restoration",5927,338,3229,249,3,176
2654,"restoration",9145,171,7545,85,3,127
2655,"restoration",9146,188,1376,373,3,393
2656,"restoration",4144,509,NA,NA,1,888
2657,"restoration",7881,228,NA,NA,1,799
2658,"restoration",3931,461,3931,216,3,155
2659,"restoration",281,782,281,398,2,297
2660,"restoration",8279,215,7032,108,3,210
2661,"restoration",9187,167,2978,252,3,91
2662,"restoration",3912,453,3912,207,3,59
2663,"restoration",12851,70,8776,66,3,129
2664,"restoration",11557,105,2252,307,3,205
2665,"restoration",3731,518,3722,244,3,402
2666,"restoration",4140,491,NA,NA,1,861
2667,"restoration",11425,102,NA,NA,1,773
2668,"restoration",8482,200,NA,NA,1,818
2669,"restoration",8491,205,2086,323,3,229
2670,"restoration",7391,245,3240,241,2,392
2671,"restoration",5588,367,2822,270,3,194
2672,"restoration",7828,238,5206,167,3,219
2673,"restoration",14692,60,3607,253,3,463
2674,"restoration",5951,362,NA,NA,2,537
2675,"restoration",6606,357,5500,179,3,534
2676,"restoration",3103,596,3103,283,3,507
2677,"restoration",7724,278,2786,302,3,469
2682,"restoration",4284,523,4236,237,3,574
2684,"restoration",6461,409,5565,190,3,621
2685,"restoration",15121,57,2824,303,2,629
2686,"restoration",12802,119,4755,226,3,619
2687,"restoration",14832,43,11198,39,3,191
2688,"restoration",3724,537,2295,331,3,479
2689,"restoration",1379,693,NA,NA,2,424
2690,"restoration",9881,182,5929,163,3,538
2691,"restoration",3204,646,3204,315,3,646
2692,"restoration",7748,265,5571,165,3,420
2693,"restoration",1420,703,NA,NA,1,817
2694,"restoration",1763,696,NA,NA,2,559
2695,"restoration",4907,506,4893,224,3,642
2696,"restoration",5013,451,NA,NA,2,624
2697,"restoration",6455,336,NA,NA,1,857
2702,"restoration",32553,2,32553,1,3,287
2704,"restoration",1904,634,NA,NA,1,801
2705,"restoration",5976,358,2086,326,2,539
2706,"restoration",10382,132,5131,159,2,399
2707,"restoration",2184,746,NA,NA,1,934
2708,"restoration",681,889,NA,NA,1,907
2718,"restoration",262,864,4,445,3,247
2726,"restoration",9625,154,4116,202,2,389
2727,"restoration",6377,315,6716,111,2,452
2728,"restoration",6845,267,6845,102,2,327
2747,"preservation",8051,93,NA,NA,1,382
2749,"restoration",16,823,16,415,2,313
2752,"restoration",8005,224,7292,94,2,477
2753,"restoration",9636,164,3495,235,2,466
2754,"restoration",10882,137,7562,97,2,567
2755,"restoration",12202,97,5595,158,2,560
2756,"restoration",9117,166,9117,59,2,299
2757,"restoration",3966,633,3198,348,2,841
2758,"restoration",4289,517,3761,261,2,654
2759,"restoration",2506,684,2506,340,2,665
2760,"restoration",7610,275,4484,212,2,586
2761,"restoration",3234,680,3234,327,2,797
2762,"restoration",6739,420,6675,166,2,810
2763,"restoration",2017,741,5147,206,2,677
2764,"restoration",3578,629,2887,345,2,765
2765,"restoration",1224,852,NA,NA,1,925
2766,"restoration",21667,12,12543,25,2,493
2767,"restoration",11756,112,8280,81,2,556
2768,"restoration",11373,123,6281,127,2,555
2769,"restoration",8370,226,7458,101,2,566
2770,"restoration",4931,474,4223,243,2,664
2771,"restoration",2542,702,NA,NA,1,927
2772,"restoration",7030,376,5747,187,2,687
2773,"restoration",7258,304,7258,113,2,616
2774,"restoration",8230,231,NA,NA,1,843
2775,"restoration",7638,310,4274,236,2,666
2776,"restoration",2479,766,1221,443,2,819
2778,"restoration",3343,630,2062,379,2,696
2779,"restoration",7197,392,3604,304,2,789
2780,"restoration",4564,460,NA,NA,1,869
2781,"restoration",3977,507,NA,NA,1,868
2782,"restoration",7063,287,2227,318,2,533
2783,"restoration",11320,124,5486,162,2,547
2784,"restoration",6366,341,4338,215,2,569
2785,"restoration",12318,114,9454,71,2,640
2786,"restoration",7708,308,6133,164,2,669
2787,"restoration",8163,256,5478,175,2,632
2788,"restoration",6978,397,3445,305,2,740
2789,"restoration",3944,587,2630,353,2,727
2790,"restoration",5189,456,NA,NA,1,915
2791,"restoration",12112,133,6915,135,2,680
2792,"restoration",1718,817,NA,NA,1,939
2793,"restoration",3137,669,3120,325,2,745
2794,"restoration",6528,406,6528,152,2,682
2795,"restoration",2772,683,2772,335,2,685
2796,"restoration",3217,591,1393,389,2,645
2797,"restoration",7299,288,3583,251,2,589
2798,"restoration",9872,197,7043,126,2,678
2799,"restoration",3187,579,NA,NA,1,881
2800,"restoration",5239,431,3148,275,2,604
2801,"restoration",5641,457,5624,199,2,722
2802,"restoration",8251,284,8241,100,2,681
2803,"restoration",8719,253,6926,129,2,667
2805,"restoration",282,930,NA,NA,1,923
2807,"restoration",2485,678,NA,NA,1,908
2808,"restoration",914,887,NA,NA,1,922
2809,"restoration",2567,736,NA,NA,1,949
2810,"restoration",139,944,NA,NA,1,932
2811,"restoration",518,925,NA,NA,1,933
2812,"restoration",1158,926,NA,NA,1,953
2813,"restoration",709,940,NA,NA,1,952
2814,"restoration",585,949,585,475,2,876
2816,"restoration",4295,534,4295,240,2,671
2823,"restoration",9,945,9,471,2,683
2824,"restoration",24,901,NA,NA,1,863
2827,"restoration",9,933,NA,NA,1,905
2830,"restoration",18,911,NA,NA,1,875
2833,"restoration",25,935,NA,NA,1,910
2835,"restoration",5,947,5,474,2,748
2838,"restoration",2665,708,NA,NA,1,935
2839,"restoration",736,893,NA,NA,1,913
2844,"restoration",7,952,7,479,2,845
2845,"restoration",1515,866,NA,NA,1,948
2846,"restoration",16,946,16,472,2,688
2847,"restoration",13,948,13,476,2,762
2849,"restoration",913,894,913,432,2,684
2850,"restoration",6,951,6,478,2,834
2852,"restoration",2665,775,2665,375,2,849
2853,"restoration",3126,667,762,455,2,742
2854,"restoration",1354,879,NA,NA,1,942
2855,"restoration",5731,448,4263,250,2,686
2856,"restoration",4247,573,NA,NA,1,947
2859,"restoration",4114,592,3006,342,2,794
2860,"restoration",3283,647,2813,343,2,726
2861,"restoration",1332,783,765,421,2,644
2869,"restoration",0,950,0,477,0,956
2872,"restoration",282,908,NA,NA,1,902
2873,"restoration",268,912,NA,NA,1,906
2874,"restoration",450,891,9,457,2,628
2875,"restoration",1394,802,1394,394,2,660
2876,"restoration",5166,434,NA,NA,1,873
2877,"restoration",2423,638,160,450,2,602
2879,"restoration",1879,760,196,464,2,676
2880,"restoration",455,929,NA,NA,1,931
2881,"restoration",2351,672,NA,NA,1,898
2882,"restoration",1443,761,NA,NA,1,890
2884,"restoration",3009,515,5883,124,3,38
2902,"restoration",19338,15,3315,233,3,71
2903,"restoration",11046,135,6415,125,3,403
2904,"restoration",9734,161,9371,60,3,212
2910,"preservation",3102,263,2431,120,2,184
2911,"restoration",15287,40,13810,13,3,22
2912,"restoration",331,781,NA,NA,1,723
2915,"restoration",12728,76,12202,26,3,149
2916,"restoration",16185,34,18,438,2,487
2917,"restoration",19781,20,NA,NA,1,896
2918,"restoration",7844,247,7844,88,3,248
2919,"restoration",4946,524,3503,306,2,766
2920,"restoration",7631,374,1096,452,2,829
2922,"restoration",6619,394,6700,146,3,609
2923,"restoration",1570,792,1570,393,3,597
2924,"restoration",9677,217,9677,74,3,626
2925,"restoration",4490,538,4490,245,3,643
2926,"restoration",5662,489,3238,334,2,825
2927,"restoration",2124,773,NA,NA,1,946
2928,"restoration",682,870,NA,NA,1,889
2929,"restoration",7214,344,6363,157,3,607
2930,"restoration",10204,201,NA,NA,1,940
2931,"restoration",3698,585,NA,NA,1,929
2932,"restoration",5215,486,NA,NA,1,937
2933,"restoration",3010,610,3010,292,3,526
2934,"restoration",7642,316,4959,214,2,673
2935,"restoration",5670,443,4855,220,3,601
2936,"restoration",8513,240,193,453,3,498
2937,"restoration",10113,181,NA,NA,1,911
2938,"restoration",2499,611,2399,308,3,318
2939,"restoration",1505,770,NA,NA,1,903
2940,"restoration",11391,108,5770,139,3,175
2941,"restoration",5095,424,568,410,2,551
2942,"restoration",7349,285,2791,289,3,409
2943,"restoration",7876,260,NA,NA,1,866
2944,"restoration",56,943,NA,NA,1,930
2945,"restoration",10848,151,6003,156,2,634
2946,"restoration",7162,261,7126,98,3,159
2947,"restoration",7893,236,5173,168,3,208
2948,"restoration",9074,199,8613,79,3,450
2949,"restoration",9515,212,7297,118,3,588
2950,"restoration",6551,410,5936,180,3,639
2951,"restoration",3617,617,2642,351,3,651
2952,"restoration",4943,498,3020,317,3,622
2953,"restoration",869,923,NA,NA,1,950
2955,"restoration",1784,921,NA,NA,1,954
2957,"restoration",554,937,NA,NA,2,764
2961,"restoration",7167,368,2843,339,3,650
2962,"restoration",1925,734,NA,NA,1,909
2963,"restoration",233,924,NA,NA,1,914
2965,"restoration",26,928,NA,NA,2,649
2970,"restoration",928,881,NA,NA,1,918
2974,"restoration",750,920,NA,NA,1,944
